FPbase_Name,Ex_max_nm,Em_max_nm,Extinction_Coeff,Quantum_Yield,Brightness_ECxQY,pKa,Oligomerization,Maturation_min,Lifetime_ns,MW_kDa,Year_Reported
10B,513.0,525.0,30800.0,,,,,,,26.87,1996.0
11,502.0,512.0,33000.0,,,,,,,26.93,1996.0
22G,,,,,,,t,,,25.46,2004.0
(3-F)Tyr-EGFP,484.0,514.0,,,,,,,,25.62,2004.0
5B,512.0,524.0,19400.0,,,,,,,26.94,1996.0
6C,,,,,,,,,,26.96,1996.0
A1a,,,,,,,,,,26.1,2007.0
A44-KR,397.0,520.0,,,,,,,,26.38,2012.0
aacuCP,580.0,,109000.0,,,,t,,,24.98,2008.0
aacuGFP1,478.0,502.0,36900.0,0.61,22.51,,t,,,25.7,2008.0
aacuGFP2,502.0,513.0,93900.0,0.71,66.67,,t,,,26.09,2008.0
AausFP1,504.0,510.0,170000.0,0.97,164.9,4.4,d,,,25.72,2019.0
AausFP2,609.0,,52000.0,,,6.0,,,,25.56,2019.0
AausFP3,587.0,,59000.0,,,6.5,,,,25.52,2019.0
AausFP4,477.0,513.0,69000.0,,,,d,,,25.61,2019.0
AausGFP,398.0,503.0,29000.0,0.73,21.17,4.8,d,,,27.45,2019.0
acanFP,,,,,,,,,,,2009.0
aceGFP,480.0,505.0,50000.0,0.55,27.5,,m,,,26.77,2010.0
aceGFP-G222E-Y220L,396.0,508.0,,,,,m,,,26.8,2010.0
aceGFP-h,390.0,505.0,,,,,,,,26.64,2003.0
AcGFP1,475.0,505.0,50000.0,0.55,27.5,,wd,,,26.87,
Achilles,513.0,525.0,110000.0,0.64,70.4,5.5,,,,26.77,2020.0
AdRed,567.0,612.0,,,,4.0,t,,,26.06,2018.0
AdRed-C148S,560.0,599.0,,,,,,,,26.05,2018.0
aeBlue,597.0,,,,,,t,24.0,,25.91,2005.0
aeurGFP,504.0,515.0,145700.0,0.67,97.62,,t,,,26.02,2008.0
afCFP,406.0,499.0,30000.0,0.79,23.7,2.0,,,,25.74,2020.0
afraGFP,494.0,503.0,100800.0,0.61,61.49,,t,,,25.69,2008.0
ahyaCP,580.0,,132000.0,,,,t,,,24.96,2008.0
alajGFP1,509.0,517.0,,,,,t,,,25.0,2004.0
alajGFP2,509.0,517.0,,,,,t,,,24.67,2004.0
alajGFP3,494.0,504.0,,,,,t,,,25.15,2004.0
amCyan1,453.0,486.0,,,,,t,,,25.27,
amFP486,458.0,486.0,40000.0,0.24,9.6,,t,,,25.32,1999.0
amFP495,467.0,495.0,,0.08,,,t,,,25.32,2005.0
amFP506,483.0,506.0,,0.67,,,t,,,25.32,2005.0
amFP515,500.0,515.0,,0.006,,,t,,,25.28,2005.0
amilCP,588.0,,87600.0,,,,t,54.0,,24.99,2008.0
amilCP580,580.0,,,,,,,,,25.01,2013.0
amilCP586,586.0,,,,,,,,,24.99,2013.0
amilCP604,604.0,,,,,,,,,25.02,2013.0
amilCP-Orange,,,,,,,,,,24.91,2018.0
amilCP-Pink,,,,,,,,,,24.93,2018.0
amilFP484,420.0,484.0,,,,,t,,,26.08,2008.0
amilFP490,424.0,490.0,29500.0,0.9,26.55,,,,,25.95,2007.0
amilFP497,477.0,497.0,,,,,t,,,25.9,2008.0
amilFP504,488.0,504.0,,,,,,,,25.56,2007.0
amilFP512,500.0,512.0,,,,,t,,,25.93,2008.0
amilFP513,504.0,513.0,75200.0,0.67,50.38,,t,,,25.98,2007.0
amilFP593,562.0,593.0,90900.0,0.49,44.54,,t,,,26.15,2007.0
amilFP597,558.0,597.0,,,,,t,,,26.09,2008.0
amilGFP,503.0,512.0,75200.0,0.67,50.38,,,,,25.99,2008.0
anm1GFP1,475.0,495.0,75000.0,0.65,48.75,,d,,,29.23,2004.0
anm1GFP2,490.0,504.0,,,,,d,,,25.02,2004.0
anm2CP,572.0,597.0,120000.0,0.001,0.12,,m,,,25.89,2004.0
anobCFP1,462.0,490.0,27600.0,0.86,23.74,,t,,,25.9,2008.0
anobCFP2,477.0,495.0,67200.0,0.49,32.93,,t,,,25.69,2008.0
anobGFP,502.0,511.0,96200.0,0.6,57.72,,t,,,25.88,2008.0
apolCP584,584.0,,103000.0,,,,,,,,2013.0
apulCP584,584.0,,,,,,t,,,24.97,2008.0
apulFP483,420.0,483.0,,,,,t,,,25.92,2008.0
AQ14,595.0,663.0,,,,,,,,25.76,2005.0
AQ143,595.0,655.0,90000.0,0.04,3.6,,t,,,25.79,2005.0
Aquamarine,430.0,474.0,26000.0,0.89,23.14,3.3,m,,4.1,26.81,2013.0
asCP562,562.0,595.0,,,,,t,,,25.96,2000.0
asFP499,480.0,499.0,,,,,d,,,25.37,2000.0
AsRed2,576.0,592.0,56200.0,0.05,2.81,,t,,,25.7,2005.0
asulCP,572.0,595.0,120000.0,0.001,0.12,,,,,25.92,2000.0
atenFP,504.0,515.0,,,,,,,,24.64,2002.0
avalCP580,580.0,,183000.0,,,,,,,,2013.0
avGFP,395.0,509.0,25000.0,0.79,19.75,4.5,d,,,26.89,1992.0
avGFP454,410.0,454.0,,,,,,,,26.9,2005.0
avGFP480,456.0,480.0,,,,,,,,26.73,2004.0
avGFP509,487.0,509.0,,,,,,,,,2004.0
avGFP510,488.0,510.0,,,,,,,,,2004.0
avGFP514,484.0,514.0,,,,,,,,,2004.0
avGFP523,512.0,523.0,,,,6.05,,,,,2001.0
AvicFP1,481.0,503.0,64000.0,0.63,40.32,4.9,wd,,,26.8,2019.0
AvicFP2,480.0,515.0,59000.0,0.04,2.36,,,,,25.61,2019.0
AvicFP3,480.0,520.0,,0.001,,,,,,25.54,2019.0
AvicFP4,500.0,512.0,121000.0,0.1,12.1,,,,,25.5,2019.0
AzaleaB5,574.0,596.0,104000.0,0.58,60.32,,m,,,26.02,2020.0
AzamiGreen,492.0,505.0,72300.0,0.67,48.44,5.0,t,,,25.96,2003.0
AzamiRed1.0,571.0,606.0,34100.0,0.65,22.16,,t,,,25.84,2023.0
Azurite,383.0,447.0,26200.0,0.55,14.41,5.0,wd,18.0,3.65,26.88,2006.0
BDFP1.6,642.0,666.0,100000.0,0.197,19.7,,d,,,16.64,2018.0
BDFP1.8,678.0,702.0,77027.0,0.061,4.7,2.0,d,,,16.58,2019.0
BDFP2.0,587.0,666.0,,,,,d,,,44.34,2019.0
bfloGFPa1,500.0,512.0,120900.0,1.0,120.9,3.0,d,,,24.55,2014.0
bfloGFPc1,493.0,521.0,98800.0,0.0015,0.15,,d,,,23.65,2014.0
BFP,381.0,445.0,14000.0,0.38,5.32,,d,,,26.84,1996.0
BFP5,385.0,450.0,,,,,,,,26.86,1996.0
BFP.A5,383.0,447.0,27400.0,0.48,13.15,,wd,,3.27,26.78,2006.0
BFPsol,,,,,,,,,,26.71,2006.0
Blue102,403.0,454.0,11400.0,0.9,10.26,,,,,26.33,2010.0
Bluebonnet2,399.0,454.0,,,,,m,,,26.48,2020.0
Bovine serum albumin,,,,,,,m,,,,2012.0
BP02,342.0,382.0,4494.0,0.1139,0.51,,m,,0.69,3.49,2020.0
BR1,450.0,495.0,12500.0,0.45,5.62,,,,,12.87,2019.0
BrUSLEE,487.0,509.0,86000.0,0.3,25.8,,m,,0.82,26.88,2018.0
bsDronpa,460.0,504.0,45000.0,0.5,22.5,,m,,,25.43,2008.0
C3PA-GFP,,,,,,,,,,26.88,2010.0
CagFbFP,447.0,497.0,15317.0,0.36,5.51,,d,,,11.56,2020.0
CAR-GECO1,576.0,629.0,3580.0,0.17,0.61,8.96,,,,46.81,
CAR-GECO1,562.0,609.0,63900.0,0.26,16.61,5.29,,,,46.81,
ccalGFP1,504.0,517.0,78000.0,0.46,35.88,,t,,,24.78,2008.0
ccalGFP3,505.0,517.0,144000.0,0.48,69.12,,t,,,24.82,2008.0
ccalOFP1,508.0,561.0,85000.0,0.52,44.2,,t,,,25.47,2008.0
ccalRFP1,568.0,598.0,92000.0,0.59,54.28,,t,,,24.85,2008.0
ccalRFP2,558.0,516.0,61000.0,0.05,3.05,,,,,,2008.0
ccalYFP1,514.0,523.0,142000.0,0.75,106.5,,t,,,25.0,2008.0
ccGFP E6,501.0,520.0,,,,,m,,,24.85,2021.0
cEGFP,489.0,507.0,,,,,,,,27.29,2008.0
cerFP505,494.0,505.0,54000.0,0.55,29.7,,t,360.0,,25.38,2008.0
Cerulean,433.0,475.0,43000.0,0.62,26.66,4.7,wd,,3.3,26.77,2004.0
CFP,456.0,480.0,,,,,d,,,26.91,1994.0
CFP4,,,,,,,,,,26.83,2005.0
cFP484,456.0,484.0,35300.0,0.48,16.94,,t,,,30.45,1999.0
cfSGFP2,493.0,517.0,45000.0,0.75,33.75,5.4,m,,,26.91,2012.0
cgfmKate2,584.0,628.0,55000.0,0.47,25.85,4.6,m,,,26.02,2012.0
CGFP,463.0,506.0,23900.0,0.14,3.35,4.0,,,,26.89,2000.0
cgfTagRFP,555.0,584.0,86000.0,0.42,36.12,2.9,m,,,26.07,2012.0
cgigCP,571.0,,,,,,,,,25.42,2001.0
cgigGFP,399.0,496.0,,,,,,,,,2002.0
CGP,503.0,514.0,,0.55,,,,,,25.84,2007.0
Channelrhodopsin2,485.0,1000.0,,,,7.1,,,,77.25,2003.0
CheGFP1,488.0,500.0,,,,,,,,25.62,2014.0
CheGFP2,488.0,508.0,,,,,,,,26.62,2014.0
CheGFP3,,,,,,,,,,26.07,2014.0
CheGFP4,488.0,500.0,,,,,,,,26.55,2014.0
ChrimsonR,,,,,,,,,,,2014.0
Chronos,,,,,,,,,,,2014.0
Citrine,516.0,529.0,77000.0,0.76,58.52,5.7,wd,,3.6,26.99,2001.0
Citrine2,509.0,522.0,98000.0,0.7,68.6,5.9,d,,3.3,26.94,2018.0
cjBlue,610.0,620.0,66700.0,0.0001,0.01,,t,,,26.17,2006.0
cjBlue2,603.0,,56600.0,0.0001,0.01,,t,,,26.07,2016.0
cjFP510,500.0,510.0,,,,,,,,25.65,2016.0
Clomeleon,485.0,535.0,,,,,,,,26.95,2013.0
Clover,505.0,515.0,111000.0,0.76,84.36,6.2,wd,30.0,3.2,26.79,2012.0
Clover1.5,,,,,,,,,,26.84,2016.0
cpasCP,571.0,,,,,,,,,25.45,2001.0
cpCitrine,506.0,524.0,20000.0,0.1,2.0,,,,,27.26,2001.0
cpEYFP(V68L/Q69K),506.0,520.0,,,,,,,,,2001.0
cp-mKate,588.0,620.0,,0.33,,,m,,,26.24,2011.0
cpT-Sapphire 174-173,399.0,511.0,44000.0,0.53,23.32,5.2,,,,,2003.0
CpYGFP,508.0,518.0,101000.0,0.53,53.53,,d,,,24.74,2006.0
CreiLOV,450.0,495.0,12500.0,0.51,6.38,,m,,,12.94,2014.0
Crimson,588.0,617.0,77000.0,0.42,32.34,4.2,,14.0,,27.16,2022.0
CRISPRed2s,464.0,590.0,28700.0,0.382,10.96,2.23,t,90.0,,26.57,2021.0
CU17S,496.0,505.0,,,,,d,,,24.64,2022.0
Cy11.5,,,,,,,,,,,2006.0
CyOFP1,497.0,589.0,40000.0,0.76,30.4,5.5,m,15.0,3.6,26.42,2016.0
CyPet,435.0,477.0,35000.0,0.51,17.85,5.02,wd,,,26.87,2005.0
CyRFP1,529.0,588.0,48000.0,0.76,36.48,,wd,12.0,,26.42,2016.0
D10,433.0,475.0,44000.0,0.46,20.24,,,,,26.76,2004.0
d1EosFP,505.0,516.0,74800.0,0.68,50.86,,d,,,25.79,2004.0
d1EosFP,571.0,581.0,40000.0,0.62,24.8,,d,,,25.79,2004.0
d2EosFP,506.0,516.0,84000.0,0.66,55.44,,d,,,25.82,2004.0
d2EosFP,569.0,581.0,33000.0,0.6,19.8,,d,,,25.82,2004.0
DarkVenus,515.0,525.0,74400.0,0.05,3.72,,,,,26.82,2013.0
dClavGR1.6,,,,,,,d,,,27.07,2010.0
dClover2,,,,,,,d,,,26.87,2016.0
dClover2 A206K,,,,,,,d,,,26.93,2016.0
dCyOFP2s,510.0,592.0,36000.0,0.69,24.84,5.29,d,24.0,,26.39,2021.0
dCyRFP2s,516.0,592.0,42000.0,0.58,24.36,5.44,d,75.0,,26.41,2021.0
deGFP1,504.0,516.0,28700.0,0.16,4.59,8.02,,,,26.85,2002.0
deGFP2,496.0,517.0,21700.0,0.34,7.38,7.25,,,,26.85,2002.0
deGFP3,508.0,518.0,26700.0,0.19,5.07,6.86,,,,26.9,2002.0
deGFP4,509.0,518.0,26900.0,0.15,4.04,7.37,,,,26.85,2002.0
dendFP,492.0,508.0,90000.0,0.65,58.5,6.5,t,,,25.81,2002.0
dendFP,557.0,575.0,35000.0,0.68,23.8,5.2,t,,,25.81,2002.0
Dendra,488.0,505.0,21000.0,0.7,14.7,6.6,m,,,25.61,2006.0
Dendra,556.0,575.0,20000.0,0.72,14.4,6.9,m,,,25.61,2006.0
Dendra2,490.0,507.0,45000.0,0.5,22.5,6.6,m,,3.3,26.12,2006.0
Dendra2,553.0,573.0,35000.0,0.55,19.25,6.9,m,,4.4,26.12,2006.0
Dendra2-M159A,471.0,504.0,51100.0,0.55,28.11,6.5,m,,2.8,26.06,2011.0
Dendra2-M159A,528.0,562.0,45000.0,0.75,33.75,6.8,m,,4.0,26.06,2011.0
Dendra2-T69A,502.0,518.0,42500.0,0.56,23.8,6.0,m,,3.0,26.09,2016.0
Dendra2-T69A,563.0,578.0,35400.0,0.64,22.66,7.0,m,,4.2,26.09,2016.0
dfGFP,505.0,524.0,,,,3.8,d,,,25.83,2018.0
dhorGFP,,,,,,,,,,26.04,2008.0
dhorRFP,,,,,,,,,,24.71,2008.0
dimer1,551.0,579.0,,,,,d,,,25.92,2002.0
dimer2,552.0,579.0,69000.0,0.69,47.61,4.9,d,120.0,,25.89,2002.0
DimVenus,508.0,525.0,55400.0,0.03,1.66,,,,,26.86,2013.0
Diogenes,579.0,603.0,90000.0,0.44,39.6,6.1,m,,2.2,26.08,2025.0
dis2RFP,573.0,593.0,,,,,,,,26.37,2002.0
dis3GFP,503.0,512.0,,,,,,,,26.02,2002.0
dKeima,440.0,616.0,24600.0,0.31,7.63,6.5,d,,2.78,25.05,2006.0
dKeima570,440.0,570.0,14000.0,0.15,2.1,,d,,,25.01,2006.0
dLanYFP,513.0,524.0,125000.0,0.9,112.5,3.9,d,,3.1,26.66,2013.0
dPapaya0.1,,,,,,,d,,,27.61,2013.0
DrCBD,416.0,622.0,,,,,m,,,34.74,2009.0
Dreiklang,511.0,529.0,83000.0,0.41,34.03,7.2,m,120.0,,26.95,2011.0
d-RFP618,560.0,618.0,,0.35,,,d,480.0,,26.16,2008.0
Dronpa,503.0,518.0,95000.0,0.85,80.75,,m,40.0,3.6,25.48,2004.0
Dronpa-2,490.0,515.0,61732.0,0.33,20.37,,m,,,25.45,2007.0
Dronpa-3,490.0,515.0,58000.0,0.33,19.14,,m,,,25.43,2007.0
Dronpa-C62S,,,,,,,m,,,25.46,2007.0
dsFP483,443.0,483.0,23900.0,0.46,10.99,,t,,,26.43,1999.0
DspR1,556.0,582.0,,,,,,,,27.04,2004.0
DsRed,558.0,583.0,72500.0,0.68,49.3,,t,1600.0,,25.93,1999.0
DsRed2,561.0,587.0,52000.0,0.55,28.6,,t,390.0,,25.76,2006.0
DsRed-Express,554.0,586.0,30100.0,0.42,12.64,4.8,t,42.0,,25.74,2002.0
DsRed-Express2,554.0,591.0,35600.0,0.42,14.95,,,42.0,,25.7,2008.0
DsRed.M1,558.0,587.0,27300.0,0.14,3.82,,m,,1.4,25.43,2007.0
DsRed-Max,560.0,589.0,48000.0,0.41,19.68,,t,72.0,,25.74,2008.0
DsRed-NF,561.0,600.0,57000.0,0.001,0.06,,,,,25.93,2002.0
DsRed.T3,560.0,587.0,49500.0,0.59,29.2,,t,78.0,,25.81,2002.0
DsRed.T4,555.0,586.0,30300.0,0.44,13.33,,t,42.6,,25.78,2002.0
DsRed-Timer,,,,,,,t,,,25.92,2000.0
DstC1,436.0,482.0,,,,,,,,27.03,2004.0
dTFP0.1,456.0,485.0,42000.0,0.63,26.46,,d,,,27.42,2006.0
dTFP0.2,456.0,486.0,60000.0,0.68,40.8,,d,,,27.43,2006.0
dTomato,554.0,581.0,69000.0,0.69,47.61,4.7,d,60.0,,26.96,2004.0
dUltramarine2,587.0,,81500.0,0.0001,0.01,,d,,,24.87,2016.0
dVFP,491.0,503.0,107000.0,1.0,107.0,,d,,,25.55,2010.0
DyLight549P1,550.0,575.0,150.0,0.091,0.01,,m,,,,2014.0
E2-Crimson,611.0,646.0,126000.0,0.23,28.98,4.5,t,24.0,,25.7,2009.0
E2-Crimson-NF,583.0,,,,,,,,,25.69,2013.0
E2-Orange,540.0,561.0,36500.0,0.54,19.71,4.5,t,78.0,,25.66,2009.0
E2-Red/Green,560.0,585.0,53800.0,0.67,36.05,4.5,,72.0,,25.76,2009.0
EaGFP,506.0,514.0,,,,,,,,25.92,2019.0
EBFP,380.0,440.0,31500.0,0.2,6.3,,wd,,,26.9,1998.0
EBFP1.2,379.0,446.0,41000.0,0.45,18.45,6.6,m,,,26.86,2007.0
EBFP1.5,381.0,449.0,43000.0,0.53,22.79,4.8,m,,,26.77,2007.0
EBFP2,383.0,448.0,32000.0,0.56,17.92,5.3,m,25.0,3.0,26.9,2007.0
ECFP,434.0,477.0,32500.0,0.4,13.0,4.7,m,,3.0,26.91,1996.0
ECFP H148D,433.0,475.0,3200.0,0.68,2.18,,,,,26.88,2004.0
ECGFP,463.0,506.0,23900.0,0.14,3.35,4.0,,,,26.97,2000.0
eCGP123,495.0,505.0,59900.0,0.8,47.92,6.0,,,,25.85,2009.0
echFP,,,,,,,,,,,2009.0
echiFP,,,,,,,,,,25.88,2009.0
eechGFP1,497.0,510.0,124200.0,0.75,93.15,,t,,,26.11,2008.0
eechGFP2,506.0,520.0,109800.0,0.69,75.76,,t,,,25.5,2008.0
eechGFP3,512.0,524.0,120600.0,0.45,54.27,,t,,,25.91,2008.0
eechRFP,574.0,582.0,12100.0,0.43,5.2,,t,,,25.6,2008.0
efasCFP,466.0,490.0,40333.0,0.77,31.06,,t,,,25.86,2008.0
efasGFP,496.0,507.0,125800.0,0.8,100.64,,t,,,24.42,2008.0
eforCP,589.0,609.0,111300.0,0.16,17.81,,t,,,25.66,2008.0
EGFP,488.0,507.0,55900.0,0.6,33.54,6.0,wd,25.0,2.6,26.94,1996.0
eGFP203C,498.0,509.0,,,,,d,,,26.88,2008.0
eGFP205C,489.0,509.0,,,,,d,,,26.88,2008.0
Electra1,402.0,454.0,69750.0,0.74,51.62,,m,,3.4,26.45,2022.0
Electra2,403.0,454.0,80900.0,0.76,61.48,,m,,3.4,26.44,2022.0
Emerald,487.0,509.0,57500.0,0.68,39.1,,wd,11.2,,26.9,1998.0
emiRFP670,642.0,670.0,87400.0,0.14,12.24,4.5,m,,1.53,34.19,2020.0
emiRFP703,674.0,703.0,90900.0,0.086,7.82,4.5,m,,,34.22,2020.0
Enhanced Cyan-Emitting GFP,458.0,485.0,,,,,,,,25.69,2002.0
EosFP,506.0,516.0,72000.0,0.7,50.4,,t,,,25.79,2004.0
EosFP,571.0,581.0,41000.0,0.55,22.55,,t,,,25.79,2004.0
eqFP578,552.0,578.0,102000.0,0.54,55.08,,d,,,26.14,2007.0
eqFP611,559.0,611.0,78000.0,0.45,35.1,3.84,t,270.0,2.5,26.05,2002.0
eqFP611 V124T,559.0,611.0,74000.0,0.42,31.08,,d,450.0,,26.05,2005.0
eqFP650,592.0,650.0,65000.0,0.24,15.6,5.7,d,,,26.18,2010.0
eqFP670,605.0,670.0,70000.0,0.06,4.2,4.5,d,,,26.23,2010.0
esGFP,,,,,,,,,,26.77,2016.0
eUnaG,,,,,,,,,,15.59,2017.0
EYFP,513.0,527.0,67000.0,0.67,44.89,6.9,wd,9.0,3.1,26.99,1996.0
EYFP-F46L,,,,,,,,,,26.96,2002.0
EYFP-Q69K,514.0,526.0,72000.0,0.76,54.72,5.8,wd,,,26.99,1999.0
eYGFP,507.0,516.0,124000.0,0.58,71.92,3.81,d,,,24.73,2017.0
eYGFPuv,398.0,512.0,31200.0,0.76,23.71,3.0,d,,,24.69,2017.0
eYGPdp,501.0,513.0,49800.0,0.69,34.36,7.29,d,,,24.77,2017.0
fabdGFP,508.0,520.0,116800.0,0.54,63.07,,t,,,25.45,2008.0
FAST,,,,,,,m,,,13.71,2015.0
Fast-FT,,,,,,,m,,,26.82,2009.0
"FAST + HBR 3,5 DM",500.0,560.0,53000.0,0.38,20.14,,m,,,,2021.0
"FAST + HBR 3,5 DOM",519.0,600.0,44000.0,0.33,14.52,,m,,,,2021.0
FAST + HMBR,481.0,540.0,47000.0,0.23,10.81,,m,,,,2015.0
fcFP,,,,,,,,,,28.56,2009.0
fcomFP,,,,,,,,,,29.66,2009.0
ffDronpa,503.0,517.0,105000.0,0.75,78.75,5.0,m,15.0,,25.45,2014.0
Flamindo2,504.0,523.0,,,,,,,,,2014.0
FOLD6,505.0,515.0,118200.0,0.73,86.29,5.9,wd,25.0,,26.82,2022.0
Folding Reporter GFP,490.0,530.0,82400.0,0.72,59.33,,d,,,26.78,1999.0
FP586,559.0,586.0,,,,,,,,25.79,2013.0
Fpaagar,,,,,,,,,,,2004.0
Fpag_frag,,,,,,,,,,30.02,2004.0
Fpcondchrom,,,,,,,,,,25.38,2004.0
FPmann,,,,,,,,,,,2004.0
FPmcavgr7.7,,,,,,,,,,,2004.0
FPrfl2.3,506.0,512.0,,,,,,,,,2004.0
FR-1,569.0,594.0,84900.0,0.34,28.87,,m,,2.3,25.59,2018.0
Free Use GFP,395.0,503.0,27618.0,,,,,,,26.97,
frFAST,555.0,670.0,45000.0,0.21,9.45,,m,,,13.59,2020.0
frSkylan-S,499.0,513.0,95400.0,0.8,76.32,,m,,2.93,25.85,2021.0
FusionRed,580.0,608.0,94500.0,0.19,17.95,4.6,m,130.0,1.8,25.58,2012.0
FusionRed-M,571.0,594.0,71100.0,0.34,24.17,,m,,2.1,25.6,2018.0
FusionRed-MQV,566.0,585.0,144000.0,0.53,76.32,4.6,m,195.0,2.77,25.59,2020.0
fwYellow,520.0,540.0,,,,,d,,,26.39,2018.0
G1,487.0,503.0,26000.0,0.6,15.6,,m,,,26.9,2008.0
G2,487.0,503.0,39000.0,0.65,25.35,,m,,,26.9,2008.0
G3,498.0,515.0,49000.0,0.7,34.3,,m,,,26.87,2008.0
G3GFP,520.0,650.0,,,,,,,,26.88,2014.0
Gamillus,504.0,519.0,83000.0,0.9,74.7,3.4,m,8.0,,26.55,2018.0
Gamillus0.1,505.0,524.0,20000.0,0.84,16.8,4.0,m,,,25.64,2018.0
Gamillus0.2,505.0,524.0,55000.0,0.94,51.7,4.0,d,,,25.65,2018.0
Gamillus0.3,505.0,524.0,51000.0,0.88,44.88,4.0,m,,,25.6,2018.0
Gamillus0.4,505.0,524.0,75000.0,0.89,66.75,4.0,m,,,25.62,2018.0
Gamillus0.5,,,,,,,m,,,25.62,2018.0
GCaMP2,487.0,508.0,,,,,,,,50.39,2006.0
GCaMP6f,300.0,300.0,66293.0,0.66,43.75,,,,,,2013.0
GCaMP6f,800.0,800.0,2761.0,0.57,1.57,,,,,,2013.0
gdjiCP,583.0,,110300.0,,,,t,,,24.84,2008.0
GdT,476.0,500.0,59000.0,0.14,8.26,3.8,d,,,27.02,2016.0
gfasCP,577.0,,205200.0,,,,t,,,24.95,2008.0
gfasGFP,492.0,506.0,102500.0,0.73,74.83,,t,,,25.99,2008.0
GFP-151pyTyrCu,375.0,510.0,,,,,,,,26.41,2012.0
GFP(E222G),481.0,506.0,,,,,,,,26.81,2000.0
GFPhal,,,,,,,,,,26.73,2005.0
GFPmut2,485.0,508.0,53900.0,0.73,39.35,,wd,5.6,,26.87,1996.0
GFPmut3,506.0,513.0,58191.0,0.39,22.69,,wd,4.1,,26.84,1996.0
GFP (S65T),490.0,510.0,55000.0,0.64,35.2,,d,,,26.9,1995.0
GFP-Tyr151pyz,397.0,508.0,,,,,,,,26.71,2012.0
GFPxm16,485.0,504.0,,0.74,,,m,,,26.98,2006.0
GFPxm161,500.0,510.0,,,,,m,,,27.0,2006.0
GFPxm162,514.0,525.0,,,,,m,,,27.03,2006.0
GFPxm163,512.0,523.0,,1.0,,,m,,,27.05,2006.0
GFPxm18,472.0,502.0,,0.96,,,m,,,27.0,2006.0
GFPxm181uv,398.0,514.0,,,,,m,,,27.02,2006.0
GFPxm18uv,400.0,513.0,,,,,m,,,27.02,2006.0
GFPxm19,475.0,502.0,,0.7,,,m,,,27.0,2006.0
GFPxm191uv,498.0,510.0,,,,,m,,,27.0,2006.0
GFPxm19uv,393.0,505.0,,,,,m,,,27.01,2006.0
GGvT,476.0,500.0,91000.0,0.14,12.74,3.8,td,,,54.79,2016.0
GRvT,557.0,583.0,71000.0,0.97,68.87,2.5,td,,,53.96,2016.0
GRvT,477.0,583.0,89000.0,0.41,36.49,3.3,td,,,53.96,2016.0
gtenCP,580.0,,,,,,,,,24.92,2001.0
GZnP3,488.0,512.0,4000.0,0.112,0.45,,m,,,,2019.0
GZnP3,488.0,512.0,23400.0,0.462,10.81,,m,,,,2019.0
h2-3,506.0,516.0,130000.0,0.89,115.7,4.6,d,,,26.5,2020.0
H9,399.0,511.0,20000.0,0.6,12.0,,,,,26.96,1994.0
HcRed,592.0,645.0,20000.0,0.015,0.3,,t,,,25.64,2001.0
HcRed1-Blue,408.0,455.0,,,,,t,,,25.62,2008.0
HcRed7,592.0,645.0,75000.0,0.08,6.0,,d,,,25.66,2018.0
HcRed-Tandem,590.0,637.0,160000.0,0.04,6.4,,td,,,25.91,2002.0
hcriCP,578.0,,,,,,,,,25.64,2001.0
hcriGFP,405.0,500.0,,,,,,,,25.34,2002.0
hmGFP,490.0,510.0,,,,,,,,25.9,2003.0
hmKeima8.5,438.0,612.0,32000.0,0.34,10.88,5.3,m,228.0,,25.06,2015.0
HriCFP,450.0,495.0,,,,,m,,,15.62,2010.0
HriGFP,507.0,527.0,,,,,m,,,15.72,2014.0
htFuncLib_acid.1,486.0,508.0,,0.71,,3.88,,,1.08,28.25,2022.0
htFuncLib_acid.2,489.0,509.0,,0.76,,3.98,,,1.07,28.28,2022.0
htFuncLib_acid.3,472.0,502.0,,0.71,,4.34,,,1.06,28.24,2022.0
htFuncLib_acid.4,490.0,511.0,,0.45,,4.42,,,0.73,28.26,2022.0
htFuncLib_acid.5,485.0,508.0,,0.56,,4.78,,,0.9,28.25,2022.0
htFuncLib_acid.6,489.0,509.0,,0.38,,4.9,,,0.73,28.22,2022.0
htFuncLib_basic.1,467.0,507.0,,,,7.28,,,0.73,28.2,2022.0
htFuncLib_basic.2,496.0,512.0,,0.33,,6.32,,,0.77,28.24,2022.0
htFuncLib_basic.3,476.0,503.0,,0.37,,6.24,,,0.46,28.17,2022.0
htFuncLib_basic.4,464.0,501.0,,0.26,,6.2,,,0.95,28.21,2022.0
htFuncLib_basic.6,487.0,506.0,,0.83,,5.69,,,1.2,28.18,2022.0
htFuncLib_bleach.1,483.0,508.0,,0.54,,5.2,,,0.98,28.27,2022.0
htFuncLib_bleach.2,471.0,504.0,,0.79,,4.74,,,1.27,28.24,2022.0
htFuncLib_bleach.3,502.0,514.0,,0.46,,5.27,,,0.99,28.26,2022.0
htFuncLib_bleach.4,480.0,505.0,,0.4,,5.44,,,0.89,28.27,2022.0
htFuncLib_bleach.5,474.0,510.0,,0.74,,4.87,,,1.07,28.28,2022.0
htFuncLib_bleach.6,500.0,513.0,,0.39,,5.51,,,1.05,28.29,2022.0
htFuncLib_em-blue-shift.1,465.0,502.0,,0.3,,5.74,,,0.84,28.22,2022.0
htFuncLib_em-blue-shift.2,469.0,503.0,,0.64,,5.35,,,0.99,28.29,2022.0
htFuncLib_fast.1,465.0,500.0,,0.19,,5.59,,,0.61,28.18,2022.0
htFuncLib_fast.2,483.0,508.0,,0.3,,5.68,,,0.68,28.3,2022.0
htFuncLib_fast.3,470.0,503.0,,0.19,,5.22,,,0.69,28.18,2022.0
htFuncLib_fast.4,477.0,506.0,,0.3,,5.66,,,0.72,28.17,2022.0
htFuncLib_mid.10,489.0,508.0,,0.45,,5.31,,,0.85,28.26,2022.0
htFuncLib_mid.11,488.0,509.0,,0.4,,5.53,,,0.88,28.24,2022.0
htFuncLib_mid.12,470.0,504.0,,0.72,,,,,1.03,28.26,2022.0
htFuncLib_mid.13,480.0,506.0,,0.37,,4.96,,,0.84,28.23,2022.0
htFuncLib_mid.2,476.0,510.0,,0.45,,4.99,,,1.17,28.27,2022.0
htFuncLib_mid.3,501.0,513.0,,0.43,,,,,1.04,28.24,2022.0
htFuncLib_mid.4,498.0,512.0,,0.51,,,,,1.1,28.22,2022.0
htFuncLib_mid.5,501.0,513.0,,0.4,,5.52,,,1.01,28.3,2022.0
htFuncLib_mid.6,501.0,514.0,,0.38,,5.21,,,0.8,28.33,2022.0
htFuncLib_mid.7,491.0,511.0,,0.58,,5.09,,,1.1,28.32,2022.0
htFuncLib_mid.8,484.0,508.0,,0.37,,5.01,,,0.8,28.25,2022.0
htFuncLib_mid.9,493.0,511.0,,0.46,,5.59,,,1.14,28.3,2022.0
htFuncLib_photostable.1,394.0,505.0,,,,5.23,,,1.0,28.23,2022.0
htFuncLib_photostable.2,507.0,515.0,,0.22,,4.98,,,0.62,28.21,2022.0
htFuncLib_sf:acid.3,474.0,504.0,,0.64,,4.69,,,0.83,27.95,2022.0
htFuncLib_sf:acid.4,490.0,512.0,,0.4,,4.87,,,0.7,27.97,2022.0
htFuncLib_sf:acid.5,487.0,510.0,,0.47,,5.28,,,0.95,27.96,2022.0
htFuncLib_sf:bleach.1,488.0,510.0,,0.53,,5.46,,,0.92,27.98,2022.0
htFuncLib_sf:bleach.2,488.0,508.0,,0.58,,5.37,,,0.84,27.95,2022.0
htFuncLib_sf:bleach.3,493.0,511.0,,0.44,,5.47,,,0.94,27.97,2022.0
htFuncLib_sf:em-blue-shift.1,473.0,506.0,,0.42,,5.97,,,0.49,27.93,2022.0
htFuncLib_sf:em-blue-shift.2,476.0,506.0,,0.7,,5.42,,,0.95,27.99,2022.0
htFuncLib_sf:fast.3,488.0,509.0,,0.42,,5.31,,,0.71,27.89,2022.0
htFuncLib_sf:mid.10,488.0,509.0,,0.56,,5.8,,,0.73,27.96,2022.0
htFuncLib_sf:mid.11,488.0,509.0,,0.45,,5.59,,,0.73,28.01,2022.0
htFuncLib_sf:mid.12,488.0,508.0,,0.6,,5.46,,,0.94,27.97,2022.0
htFuncLib_sf:mid.5,498.0,512.0,,0.41,,5.53,,,0.77,28.01,2022.0
htFuncLib_sf:mid.7,489.0,509.0,,0.53,,5.5,,,0.89,28.03,2022.0
htFuncLib_sf:mid.9,497.0,511.0,,0.47,,5.89,,,1.01,28.0,2022.0
htFuncLib_sf:photostable.1,488.0,508.0,,0.52,,5.58,,,0.8,27.94,2022.0
htFuncLib_sf:photostable.2,496.0,511.0,,0.46,,5.63,,,0.85,27.92,2022.0
htFuncLib_sf:thermo.2,509.0,516.0,,0.54,,5.65,,,1.06,28.06,2022.0
htFuncLib_sf:thermo.9,502.0,515.0,,0.49,,5.76,,,1.05,28.05,2022.0
htFuncLib_slow.1,506.0,522.0,,0.62,,5.62,,,1.68,28.26,2022.0
htFuncLib_slow.2,483.0,507.0,,0.37,,5.23,,,1.59,28.32,2022.0
htFuncLib_slow.3,483.0,506.0,,0.44,,5.37,,,1.37,28.22,2022.0
htFuncLib_slow.4,393.0,509.0,,0.29,,4.29,,,1.32,28.32,2022.0
htFuncLib_slow.5,492.0,510.0,,0.57,,5.39,,,1.27,,2022.0
htFuncLib_thermo.1,509.0,523.0,,0.61,,5.51,,,1.53,28.27,2022.0
htFuncLib_thermo.2,511.0,525.0,,0.58,,5.87,,,1.48,28.28,2022.0
htFuncLib_thermo.3,508.0,524.0,,0.62,,5.4,,,1.53,28.26,2022.0
htFuncLib_thermo.4,396.0,507.0,,0.19,,4.21,,,1.14,28.26,2022.0
htFuncLib_thermo.5,397.0,510.0,,0.66,,3.68,,,1.06,28.27,2022.0
htFuncLib_thermo.6,398.0,510.0,,0.72,,3.72,,,1.08,28.24,2022.0
htFuncLib_thermo.8,400.0,510.0,,0.73,,4.57,,,0.96,28.28,2022.0
htFuncLib_thermo.9,503.0,519.0,,0.44,,5.99,,,1.27,28.34,2022.0
Hyperfolder YFP,514.0,529.0,119500.0,0.6,71.7,5.6,wd,21.0,,26.9,2022.0
iFP1.4,684.0,708.0,92000.0,0.07,6.44,4.6,m,114.0,,34.78,2009.0
iFP2.0,690.0,711.0,86000.0,0.08,6.88,,,,,34.85,2014.0
iLov,447.0,497.0,,0.44,,,,,,14.27,2008.0
iq-EBFP2,386.0,446.0,24800.0,0.63,15.62,,m,,,,2014.0
iq-mApple,568.0,593.0,34400.0,0.36,12.38,,m,,,,2014.0
iq-mCerulean3,433.0,474.0,27300.0,0.92,25.12,,m,,,,2014.0
iq-mEmerald,482.0,509.0,50400.0,0.67,33.77,,m,,,27.06,2014.0
iq-mKate2,580.0,632.0,11600.0,0.34,3.94,,m,,,,2014.0
iq-mVenus,516.0,529.0,88700.0,0.63,55.88,,m,,,,2014.0
iRFP670,643.0,670.0,114000.0,0.11,12.54,4.0,d,,,34.48,2013.0
iRFP682,663.0,682.0,90000.0,0.11,9.9,4.5,d,,0.95,34.55,2013.0
iRFP702,673.0,702.0,93000.0,0.08,7.44,4.5,d,,,34.48,2013.0
iRFP713,690.0,713.0,105000.0,0.06,6.3,4.0,d,168.0,,34.6,2011.0
iRFP713/V256C,662.0,680.0,94000.0,0.145,13.63,4.5,d,,,34.61,2016.0
iRFP720,702.0,720.0,96000.0,0.06,5.76,4.5,d,,,34.64,2013.0
IrisFP,488.0,516.0,52200.0,0.43,22.45,5.7,t,,,25.69,2008.0
IrisFP,551.0,580.0,35400.0,0.47,16.64,,t,,,25.69,2008.0
IrisFP-M159A,484.0,513.0,62800.0,0.18,11.3,4.7,t,,,25.63,2015.0
jRCaMP1a,573.0,595.0,42735.0,0.29,12.39,6.48,,,,,
jRCaMP1a,572.0,594.0,61920.0,0.54,33.44,6.2,,,,,
Jred,584.0,610.0,44000.0,0.2,8.8,5.0,d,,,29.31,2004.0
jREX-GECO1,577.0,599.0,31746.0,0.061,1.94,4.6,,,,,
jREX-GECO1,474.0,585.0,34000.0,0.2,6.8,11.63,,,,,
jRGECO1a,562.0,588.0,63554.0,0.22,13.98,6.4,,,,,2016.0
jRGECO1a,450.0,595.0,4741.0,0.12,0.57,8.5,,,,,2016.0
Kaede,508.0,518.0,98800.0,0.88,86.94,5.6,t,,3.4,25.67,2002.0
Kaede,572.0,580.0,60400.0,0.33,19.93,5.6,t,,4.2,25.67,2002.0
Katushka,588.0,635.0,65000.0,0.34,22.1,,d,34.0,2.1,26.01,2007.0
Katushka2S,588.0,633.0,67000.0,0.44,29.48,5.4,d,14.0,,26.39,2015.0
Katushka-9-5,588.0,635.0,,,,,d,27.4,,26.29,2010.0
KCY,455.0,488.0,38700.0,0.85,32.9,,d,,,24.67,2009.0
KCY-G4219,453.0,486.0,21100.0,0.8,16.88,,,,,24.84,2009.0
KCY-G4219-38L,464.0,494.0,,,,,,,,24.83,2009.0
KCY-R1,461.0,492.0,21200.0,0.75,15.9,,d,,,24.87,2009.0
KCY-R1-158A,459.0,489.0,,,,,,,,24.85,2009.0
KCY-R1-38H,459.0,489.0,,,,,,,,24.88,2009.0
KCY-R1-38L,467.0,496.0,13000.0,,,,,,,24.85,2009.0
KFP1,580.0,600.0,59000.0,0.07,4.13,,t,,,25.82,2003.0
K-GECO1,572.0,597.0,18750.0,0.19,3.56,6.71,,,,,
K-GECO1,569.0,593.0,62700.0,0.48,30.1,6.34,,,,,
KikG,507.0,517.0,81000.0,0.68,55.08,4.2,t,,,25.88,2005.0
KikGR1,507.0,517.0,53700.0,0.7,37.59,7.8,t,,,25.76,2005.0
KikGR1,583.0,593.0,35100.0,0.65,22.82,5.5,t,,,25.76,2005.0
KillerOrange,455.0,555.0,41200.0,0.42,17.3,,d,,,26.36,2015.0
KillerRed,585.0,610.0,45000.0,0.25,11.25,,d,,,26.4,2005.0
KO,548.0,561.0,109750.0,0.45,49.39,5.0,d,,4.2,24.28,2004.0
KOFP-7,450.0,496.0,,0.61,,,,,,16.67,2020.0
Kohinoor,495.0,514.0,62900.0,0.71,44.66,8.6,m,,,25.35,2015.0
Kohinoor2.0,500.0,516.0,31200.0,0.607,18.94,,,14.7,,25.22,2021.0
laesGFP,491.0,506.0,,,,,,,,24.93,2004.0
laGFP,502.0,511.0,,,,,,,,25.88,2013.0
LanFP1,500.0,510.0,53000.0,0.57,30.21,,,,,24.58,2008.0
LanFP2,500.0,516.0,162000.0,0.0013,0.21,,,,,23.66,2008.0
lanRFP-ΔS83l,521.0,592.0,71000.0,0.1,7.1,4.7,d,720.0,,24.72,2013.0
LanYFP,513.0,524.0,150000.0,0.95,142.5,3.5,t,,,24.72,2013.0
laRFP,521.0,592.0,71000.0,0.1,7.1,4.7,,,,25.77,2013.0
LEA,,,,,,,,,,26.41,2013.0
Lime,488.0,510.0,45000.0,0.77,34.65,7.1,,,,26.92,2023.0
LSSA12,398.0,511.0,38700.0,0.38,14.71,4.6,m,,,26.86,2022.0
LSSmApple,490.0,600.0,45000.0,0.31,13.95,4.3,m,110.0,,27.01,2023.0
LSSmCherry1,450.0,610.0,35000.0,0.29,10.15,6.2,m,,,26.69,2017.0
LSSmGFP,400.0,510.0,36900.0,0.48,17.71,4.7,m,,,26.87,2022.0
LSS-mKate1,463.0,624.0,31200.0,0.08,2.5,3.2,m,100.0,,26.21,2010.0
LSS-mKate2,460.0,605.0,26000.0,0.17,4.42,2.7,m,150.0,1.4,26.2,2010.0
LSSmOrange,437.0,572.0,52000.0,0.45,23.4,5.7,m,138.0,,26.72,2012.0
LSSmScarlet,470.0,598.0,30200.0,0.42,12.68,5.8,m,61.0,,26.27,2021.0
LSSmScarlet2,470.0,600.0,30000.0,0.29,8.7,2.19,m,184.0,,26.25,2022.0
LSSmScarlet3,466.0,598.0,27300.0,0.36,9.83,2.18,m,34.0,,26.31,2022.0
LucY,460.0,528.0,11662.0,0.356,4.15,,m,,,33.71,2015.0
Lumazine binding protein,420.0,470.0,,0.55,,,,,13.6,20.0,2015.0
M355NA,572.0,595.0,220000.0,0.21,46.2,,t,,,25.92,2003.0
mAmetrine,406.0,526.0,45000.0,0.58,26.1,6.0,m,1.8,,26.8,2008.0
mApple,568.0,592.0,75000.0,0.49,36.75,6.5,m,30.0,2.9,26.96,2008.0
Maroon0.1,610.0,650.0,50000.0,0.11,5.5,,d,,,27.5,2016.0
mARs1,571.0,598.0,27100.0,0.26,7.05,,m,,,24.89,2023.0
mAvicFP1,480.0,503.0,65000.0,0.63,40.95,4.9,m,,,26.82,2019.0
mAzamiGreen,492.0,505.0,41800.0,0.81,33.86,6.2,,,,25.85,2003.0
mBanana,540.0,553.0,6000.0,0.7,4.2,6.7,m,60.0,,26.57,2004.0
mBaoJin,500.0,508.0,128000.0,0.93,119.04,4.37,m,7.6,3.1,26.58,2024.0
mBaoJin-N137K,504.0,510.0,72949.0,0.68,49.61,,m,,,,2023.0
mBaoJin-S134P,502.0,510.0,70245.0,0.83,58.3,,m,,,,2023.0
mBaoJin-T55S,497.0,508.0,127000.0,0.86,109.22,,m,,,26.56,2023.0
mBaoJin-V152E,498.0,508.0,114146.0,0.61,69.63,,m,,,,2023.0
mBeRFP,446.0,611.0,65000.0,0.27,17.55,5.6,m,60.0,2.0,26.38,2013.0
mBlueberry1,398.0,452.0,11000.0,0.48,5.28,,m,,,26.72,2007.0
mBlueberry2,402.0,467.0,51000.0,0.48,24.48,2.5,m,,,26.76,2007.0
mc1,508.0,582.0,,,,,,,,25.82,2003.0
mc2,505.0,515.0,,,,,,,,26.02,2003.0
mc3,505.0,515.0,,,,,,,,26.81,2003.0
mc4,505.0,515.0,,,,,,,,26.05,2003.0
mc5,435.0,495.0,,,,,,,,25.84,2003.0
mc6,495.0,507.0,,,,,,,,25.83,2003.0
McaG1,492.0,514.0,,,,,,,,26.06,2004.0
McaG1ea,492.0,514.0,,,,,,,,25.96,2004.0
McaG2,492.0,502.0,,,,,,,,25.91,2004.0
mCardinal,604.0,659.0,87000.0,0.19,16.53,5.3,m,27.0,,27.55,2014.0
mCarmine,603.0,675.0,83000.0,0.07,5.81,5.58,m,,,27.65,2018.0
mcavFP,440.0,510.0,,,,,,,,25.85,2003.0
mcavGFP,506.0,516.0,,,,,,,,26.74,2002.0
mcavRFP,508.0,580.0,,,,,,,,25.87,2002.0
mcCFP,432.0,477.0,,0.385,,,t,,2.66,25.78,2004.0
mCerulean,433.0,475.0,33000.0,0.49,16.17,,m,6.6,,26.83,2005.0
mCerulean2,432.0,474.0,47000.0,0.6,28.2,4.8,m,,3.04,26.68,2011.0
mCerulean2.D3,434.0,472.0,45000.0,0.52,23.4,,m,,,26.75,2011.0
mCerulean2.N,440.0,484.0,49000.0,0.48,23.52,4.5,m,,2.63,26.69,2011.0
mCerulean2.N(T65S),439.0,481.0,43000.0,0.46,19.78,,m,,,26.67,2011.0
mCerulean3,433.0,475.0,40000.0,0.87,34.8,3.2,m,69.8,4.1,26.66,2011.0
mCerulean.B,434.0,473.0,43000.0,0.49,21.07,,m,,,26.74,2011.0
mCerulean.B2,432.0,471.0,39000.0,0.5,19.5,,m,,,26.67,2011.0
mCerulean.B24,433.0,473.0,43000.0,0.52,22.36,,m,,,26.75,2011.0
mcFP497,,,,,,,,,,25.89,2007.0
mcFP503,,,,,,,,,,25.71,2007.0
mcFP506,,,,,,,,,,25.74,2007.0
mChartreuse,487.0,510.0,71000.0,0.75,53.25,4.9,m,4.9,,26.73,2024.0
mCherry,587.0,610.0,72000.0,0.22,15.84,4.5,m,15.0,1.4,26.72,2004.0
mCherry1.5,,,,,,,m,,,26.71,2017.0
mCherry2,589.0,610.0,79400.0,0.22,17.47,3.3,m,22.8,,26.74,2017.0
mCherry_I202T,587.0,617.0,,0.04,,,,,,26.71,2016.0
mCherry_I202Y,592.0,620.0,,0.02,,,,,,26.77,2016.0
mCherry_M10L,583.0,611.0,,,,,,,,26.7,2022.0
mCherry-XL,558.0,589.0,72000.0,0.7,50.4,4.6,m,,3.9,26.69,2022.0
mCitrine,516.0,529.0,94000.0,0.74,69.56,,m,,,27.05,2002.0
mClavGR1,,,,,,,m,,,26.99,2010.0
mClavGR1.1,,,,,,,m,,,27.1,2010.0
mClavGR1.8,,,,,,,m,,,27.1,2010.0
mClavGR2,488.0,504.0,19000.0,0.77,14.63,8.0,m,27.0,,27.08,2010.0
mClavGR2,566.0,583.0,32000.0,0.53,16.96,7.3,m,,,27.08,2010.0
mClover1.5,,,,,,,m,,,26.9,2016.0
mClover3,506.0,518.0,109000.0,0.78,85.02,6.5,m,43.5,3.11,26.95,2016.0
mcRFP,,,,,,,,,,25.88,2004.0
mCRISPRed,460.0,592.0,28500.0,0.46,13.11,2.1,m,354.0,2.1,26.59,2020.0
mCyRFP1,528.0,594.0,27000.0,0.65,17.55,5.6,m,,3.71,26.44,2016.0
mECFP,433.0,475.0,33000.0,0.41,13.53,,m,,,26.96,2006.0
Medium-FT,,,,,,,m,,,26.7,2009.0
meffCFP,467.0,492.0,88600.0,0.55,48.73,,t,,,25.99,2008.0
meffCP,574.0,,118300.0,,,,t,,,24.97,2008.0
meffGFP,492.0,506.0,92000.0,0.58,53.36,,t,,,26.54,2008.0
meffRFP,560.0,576.0,99600.0,0.56,55.78,,t,,,26.51,2008.0
mEGFP,488.0,507.0,56000.0,0.6,33.6,6.0,m,,,27.0,2002.0
meleCFP,454.0,485.0,47400.0,0.74,35.08,,t,,,25.9,2008.0
meleRFP,573.0,579.0,45600.0,0.85,38.76,,t,,,25.84,2008.0
mEmerald,487.0,509.0,57500.0,0.68,39.1,6.0,m,11.2,,26.95,1998.0
mEos2,506.0,519.0,56000.0,0.84,47.04,5.6,wd,,3.5,25.84,2009.0
mEos2,573.0,584.0,46000.0,0.66,30.36,6.4,wd,,4.1,25.84,2009.0
mEos2-A69T,495.0,509.0,24300.0,0.63,15.31,8.2,m,,3.4,25.87,2016.0
mEos2-A69T,565.0,580.0,11500.0,0.66,7.59,7.4,m,,4.2,25.87,2016.0
mEos2-NA,,,,,,,m,,,25.75,2012.0
mEos3.1,505.0,513.0,88400.0,0.83,73.37,5.2,m,,,25.73,2012.0
mEos3.1,570.0,580.0,33500.0,0.62,20.77,6.0,m,,,25.73,2012.0
mEos3.2,507.0,516.0,63400.0,0.84,53.26,5.4,m,20.0,,25.74,2012.0
mEos3.2,572.0,580.0,32200.0,0.55,17.71,5.8,m,,,25.74,2012.0
mEos4a,505.0,515.0,83530.0,0.86,71.84,5.25,m,,,26.05,2015.0
mEos4a,571.0,580.0,61000.0,0.71,43.31,5.7,m,,,26.05,2015.0
mEos4b,505.0,516.0,78170.0,0.84,65.66,5.5,,,,25.9,2015.0
mEos4b,570.0,580.0,55500.0,0.71,39.41,5.8,,,,25.9,2015.0
mEos4b-L93M,504.0,515.0,77120.0,0.68,52.44,6.3,m,81.0,,25.92,2025.0
mEos4b-L93M,569.0,580.0,57200.0,0.63,36.04,6.3,m,,,25.92,2025.0
mEos4Fast1,505.0,517.0,93170.0,0.78,72.67,5.6,m,64.0,,25.97,2025.0
mEos4Fast1,570.0,580.0,58450.0,0.73,42.67,6.7,m,,,25.97,2025.0
mEos4Fast2,499.0,513.0,78020.0,0.82,63.98,4.9,m,27.0,,25.94,2025.0
mEos4Fast2,565.0,580.0,43290.0,0.54,23.38,5.4,m,,,25.94,2025.0
mEosEM,503.0,511.0,155650.0,0.79,122.96,6.0,m,,,25.87,2019.0
mEosEM,569.0,579.0,170128.0,0.66,112.28,6.5,m,,,25.87,2019.0
mEosFP,505.0,516.0,67200.0,0.64,43.01,5.3,m,,3.5,25.83,2004.0
mEosFP,569.0,581.0,37000.0,0.62,22.94,6.5,m,,4.1,25.83,2004.0
mEosFP-F173S,486.0,514.0,53200.0,0.43,22.88,5.8,m,,3.3,25.76,2011.0
mEosFP-F173S,550.0,581.0,25000.0,0.41,10.25,6.2,m,,3.7,25.76,2011.0
mEosFP-M159A,487.0,514.0,98600.0,0.52,51.27,4.3,m,,3.2,25.76,2011.0
meruFP,,,,,,,,,,25.93,2009.0
mEYFP,515.0,528.0,79000.0,0.62,48.98,,m,9.0,,27.05,2002.0
MfaG1,492.0,508.0,,,,,,,,25.98,2004.0
mfolCP577,577.0,,,,,,,,,,2013.0
mGarnet,598.0,670.0,95000.0,0.09,8.55,7.4,m,112.0,0.8,25.19,2015.0
mGarnet2,598.0,671.0,105000.0,0.087,9.13,6.8,m,,0.76,25.26,2017.0
mGeos-C,505.0,516.0,76967.0,0.81,62.34,6.0,m,,,25.81,2012.0
mGeos-E,501.0,513.0,69630.0,0.75,52.22,6.0,m,,,25.84,2012.0
mGeos-F,504.0,515.0,53135.0,0.85,45.16,5.0,m,,,25.85,2012.0
mGeos-L,501.0,513.0,53448.0,0.72,38.48,5.0,m,,,25.82,2012.0
mGeos-M,503.0,514.0,51600.0,0.85,43.86,4.7,m,,,25.84,2012.0
mGeos-S,501.0,512.0,64602.0,0.76,49.1,5.0,m,,,25.79,2012.0
mGFP5,,,,,,,d,,,26.82,1996.0
mGFPmut3,500.0,513.0,89400.0,0.39,34.87,,m,4.1,,26.9,2017.0
mGinger1,587.0,637.0,58000.0,0.02,1.16,7.9,m,106.0,,24.85,2018.0
mGinger2,578.0,631.0,36000.0,0.04,1.44,6.5,m,78.0,,24.84,2018.0
mGold,515.0,531.0,107000.0,0.64,68.48,5.9,m,,,26.91,2020.0
mGold2s,517.0,529.0,131000.0,0.69,90.39,5.1,m,14.8,3.04,26.9,2025.0
mGold2t,515.0,527.0,126000.0,0.7,88.2,5.4,m,13.1,2.95,26.92,2025.0
mGrape1,595.0,625.0,50000.0,0.03,1.5,4.5,m,70.0,,25.43,2009.0
mGrape2,605.0,636.0,33000.0,0.03,0.99,6.3,m,,,26.8,2009.0
mGrape3,608.0,646.0,40000.0,0.03,1.2,7.0,m,,,26.77,2009.0
mGreenLantern,503.0,514.0,101800.0,0.72,73.3,5.6,m,13.5,,26.82,2020.0
mHoneydew,487.0,562.0,17000.0,0.12,2.04,4.0,m,,,25.36,2004.0
MiCy,472.0,495.0,27250.0,0.9,24.52,6.6,d,,3.4,26.15,2004.0
mIFP,683.0,704.0,82000.0,0.08,6.56,3.5,m,,,35.11,2015.0
miniGFP1,450.0,499.0,16800.0,0.31,5.21,4.5,m,,4.46,12.6,2022.0
miniGFP2,450.0,499.0,16200.0,0.32,5.18,4.4,,,4.54,12.59,2022.0
miniSOG,447.0,501.0,14100.0,0.43,6.06,,m,,,12.33,2011.0
miniSOG2,429.0,507.0,,,,,,,,12.44,2017.0
miniSOG Q103V,440.0,487.0,,0.43,,,m,,,12.3,2016.0
miRFP,674.0,703.0,92400.0,0.097,8.96,4.3,m,,,34.32,2018.0
miRFP2,676.0,706.0,55600.0,0.043,2.39,3.7,m,,,34.3,2021.0
miRFP670,642.0,670.0,87400.0,0.14,12.24,4.5,m,180.0,1.42,34.49,2016.0
miRFP670-2,643.0,670.0,103000.0,0.136,14.01,4.5,m,,1.42,34.52,2020.0
miRFP670nano,645.0,670.0,95000.0,0.108,10.26,3.7,m,100.0,,17.1,2019.0
miRFP670nano3,645.0,670.0,129000.0,0.185,23.86,4.2,m,,,17.11,2022.0
miRFP670v1,644.0,670.0,71300.0,0.116,8.27,4.5,m,,,34.48,2016.0
miRFP680,661.0,680.0,94000.0,0.145,13.63,4.5,m,,1.67,34.62,2020.0
miRFP682,663.0,682.0,91000.0,0.112,10.19,4.5,m,,,34.56,2020.0
miRFP702,673.0,702.0,88000.0,0.081,7.13,4.5,m,,,34.51,2020.0
miRFP703,674.0,703.0,90900.0,0.086,7.82,4.5,m,,,34.51,2016.0
miRFP709,683.0,709.0,78400.0,0.054,4.23,4.5,m,,,34.56,2016.0
miRFP713,690.0,713.0,99000.0,0.07,6.93,3.5,m,,0.89,34.62,2020.0
miRFP720,702.0,720.0,98000.0,0.061,5.98,4.5,m,,,34.68,2018.0
mIrisFP,486.0,516.0,47000.0,0.54,25.38,5.4,m,14.0,,25.69,2010.0
mIrisFP,546.0,578.0,33000.0,0.59,19.47,7.6,m,,,25.69,2010.0
mJuniper,434.0,475.0,32000.0,0.43,13.76,4.7,m,1.7,,26.74,2024.0
mKalama1,385.0,456.0,36000.0,0.45,16.2,5.5,m,,,26.79,2007.0
mKate,588.0,635.0,45000.0,0.33,14.85,6.2,m,,,26.02,2007.0
mKate2,588.0,633.0,62500.0,0.4,25.0,5.4,m,20.0,2.5,26.07,2009.0
mKate2.5,,,,,,,m,,,25.65,2012.0
mKate M41G S158C,593.0,648.0,73000.0,0.22,16.06,,m,,,25.96,2009.0
mKate S158A,585.0,630.0,75000.0,0.3,22.5,5.4,m,,,26.01,2008.0
mKate S158C,586.0,630.0,63000.0,0.33,20.79,,m,,,26.04,2009.0
mKeima,440.0,620.0,14400.0,0.24,3.46,6.5,m,180.0,2.93,25.05,2006.0
mKeima,586.0,620.0,,,,6.5,m,,,25.05,2006.0
mKeima,586.0,620.0,,,,6.5,m,,,25.05,2006.0
mKeima,440.0,620.0,,,,6.5,m,,,25.05,2006.0
mKeima,440.0,620.0,,,,6.5,m,,,25.05,2006.0
mKelly1,596.0,656.0,44000.0,0.16,7.04,5.4,m,28.0,,24.69,2018.0
mKelly2,598.0,649.0,43000.0,0.18,7.74,5.6,m,20.0,,24.73,2018.0
mKG,494.0,507.0,,,,,m,,,24.42,2008.0
mK-GO,548.0,561.0,42000.0,,,4.8,m,360.0,,24.46,2010.0
mK-GO,500.0,509.0,35900.0,,,6.0,m,,,24.46,2010.0
mKikGR,505.0,515.0,49000.0,0.69,33.81,6.6,m,,,26.45,2008.0
mKikGR,580.0,591.0,28000.0,0.63,17.64,5.2,m,,,26.45,2008.0
mKillerOrange,458.0,560.0,35000.0,0.5,17.5,,m,,,26.37,2015.0
mKO,548.0,559.0,51600.0,0.6,30.96,5.0,m,,4.1,24.45,2004.0
mKO2,551.0,565.0,63800.0,0.62,39.56,5.5,m,108.0,,24.46,2008.0
mKOκ,551.0,563.0,105000.0,0.61,64.05,4.2,m,,,24.47,2008.0
mLemon,514.0,526.0,125000.0,0.74,92.5,4.8,m,12.0,,26.73,2024.0
mLychee,568.0,596.0,80000.0,0.5,40.0,6.3,m,36.4,,26.52,2024.0
mMaple,489.0,505.0,15000.0,0.74,11.1,8.2,m,,,27.25,2012.0
mMaple,566.0,583.0,30000.0,0.56,16.8,7.3,m,,,27.25,2012.0
mMaple2,492.0,506.0,,,,,wd,,,27.15,2014.0
mMaple2,570.0,582.0,,,,,wd,,,27.15,2014.0
mMaple3,491.0,506.0,15760.0,0.37,5.83,,m,,,27.21,2014.0
mMaple3,568.0,583.0,23970.0,0.52,12.46,,m,,,27.21,2014.0
mMaroon1,609.0,657.0,80000.0,0.11,8.8,6.2,m,20.0,,27.64,2016.0
mmGFP,398.0,505.0,,0.645,,,m,1440.0,3.1,23.72,2004.0
MmGFP6,,,,,,,d,,,26.88,1997.0
mMiCy,470.0,496.0,22150.0,0.7,15.5,7.0,m,,,26.04,2004.0
mmilCFP,404.0,492.0,42500.0,0.9,38.25,,t,,,25.56,2008.0
mNectarine,558.0,578.0,58000.0,0.45,26.1,6.9,m,30.0,,26.59,2009.0
mNeonGreen,506.0,517.0,116000.0,0.8,92.8,5.7,m,10.0,3.1,26.65,2013.0
mNeptune,600.0,650.0,67000.0,0.2,13.4,5.4,m,35.0,,27.41,2009.0
mNeptune2,599.0,651.0,89000.0,0.24,21.36,6.3,m,27.0,,27.45,2014.0
mNeptune2.5,599.0,643.0,95000.0,0.24,22.8,5.8,m,26.0,,27.53,2014.0
mNeptune681,604.0,681.0,38000.0,0.04,1.52,7.3,m,,,27.54,2016.0
mNeptune684,604.0,684.0,39000.0,0.03,1.17,6.5,m,,,27.51,2016.0
mOFP.T.12,,,,,,,m,,,26.7,2004.0
mOFP.T.8,,,,,,,m,,,26.73,2004.0
Monomeric hyperfolder YFP,515.0,529.0,124000.0,0.62,76.88,5.7,m,27.0,,26.96,2022.0
montFP,,,,,,,,,,20.66,2009.0
Montipora sp. #20,,,,,,,,,,24.97,2006.0
Montipora sp. #20-9115,580.0,606.0,,,,,,,,24.99,2006.0
mOrange,548.0,562.0,71000.0,0.69,48.99,6.5,m,150.0,,26.74,2004.0
mOrange2,549.0,565.0,58000.0,0.6,34.8,6.5,m,270.0,2.7,26.82,2008.0
moxBFP,385.0,448.0,31000.0,0.56,17.36,,m,,,26.89,2015.0
moxCerulean3,434.0,474.0,41000.0,0.87,35.67,,m,100.4,,26.62,2015.0
moxDendra2,490.0,504.0,50300.0,0.5,25.15,,m,,,26.09,2017.0
moxDendra2,551.0,571.0,31200.0,0.55,17.16,,m,,,26.09,2017.0
moxEos3.2,,,,,,,m,,,25.75,2017.0
moxGFP,486.0,510.0,87000.0,0.58,50.46,,m,17.1,,26.88,2015.0
moxMaple3,490.0,506.0,14800.0,0.37,5.48,,m,,,27.19,2018.0
moxMaple3,569.0,584.0,24230.0,0.52,12.6,,m,,,27.19,2018.0
moxNeonGreen,505.0,520.0,111000.0,0.74,82.14,,m,,,26.63,2015.0
moxVenus,514.0,526.0,89000.0,0.49,43.61,,m,25.8,,26.85,2015.0
mPA-GFP,,,,,,,m,,,27.03,2002.0
mPapaya,530.0,541.0,43000.0,0.83,35.69,6.8,m,,,26.91,2013.0
mPapaya0.3,,,,,,,m,,,26.93,2013.0
mPapaya0.6,,,,,,,m,,,26.96,2013.0
mPapaya0.7,529.0,541.0,23000.0,0.69,15.87,6.8,m,,,26.97,2013.0
mPlum,590.0,649.0,41000.0,0.1,4.1,4.5,m,100.0,,25.59,2004.0
mPlum-E16P,590.0,630.0,,0.14,,4.7,m,,,25.56,2012.0
mRaspberry,598.0,625.0,86000.0,0.15,12.9,,m,,,25.51,2004.0
mRed7,589.0,606.0,,,,,m,,0.43,26.21,2016.0
mRed7Q1,560.0,591.0,,,,,m,,2.29,26.28,2016.0
mRed7Q1S1,569.0,595.0,,,,,m,,,26.29,2016.0
mRed7Q1S1BM,569.0,596.0,,,,,m,,3.3,26.36,2016.0
mRFP1,584.0,607.0,50000.0,0.25,12.5,4.5,m,60.0,,25.42,2002.0
mRFP1.1,589.0,612.0,,,,,m,,,25.41,2004.0
mRFP1.2,590.0,612.0,,,,,m,,,25.55,
mRFP1.3,,,,,,,m,,,26.75,2004.0
mRFP1.4,,,,,,,m,,,26.76,2004.0
mRFP1.5,,,,,,,m,,,26.74,2004.0
mRFP1_Magenta,588.0,616.0,,,,,,,,25.43,2020.0
mRFP1_Pink,565.0,581.0,,,,,,,,25.35,2020.0
mRFP1-Q66C,559.0,580.0,31800.0,0.33,10.49,,m,10.8,,25.4,2006.0
mRFP1-Q66S,555.0,569.0,32900.0,0.35,11.52,,m,54.0,,25.38,2006.0
mRFP1-Q66T,549.0,570.0,38100.0,0.43,16.38,,m,,,25.4,2006.0
mRFP1_Violet,586.0,619.0,,,,,,,,25.38,2020.0
mRFP1_Yellow,498.0,,,,,,,,,25.37,2020.0
mRhubarb713,690.0,713.0,113457.0,0.0763,8.66,,m,,,34.5,2019.0
mRhubarb719,700.0,719.0,83768.0,0.068,5.7,,m,,,34.5,2019.0
mRhubarb720,701.0,720.0,94941.0,0.0646,6.13,,m,,,34.54,2019.0
mRojoA,597.0,633.0,48000.0,0.02,0.96,5.4,m,,,26.74,2010.0
mRojoB,598.0,631.0,61000.0,0.06,3.66,5.0,m,,,26.78,2010.0
mRouge,600.0,637.0,43000.0,0.02,0.86,6.1,m,,,26.79,2010.0
mRtms5,588.0,633.0,54100.0,0.005,0.27,,m,,,24.96,2012.0
mRuby,558.0,605.0,112000.0,0.35,39.2,4.4,m,168.0,2.6,25.22,2009.0
mRuby2,559.0,600.0,113000.0,0.38,42.94,5.3,m,150.0,2.5,26.49,2012.0
mRuby3,558.0,592.0,128000.0,0.45,57.6,4.8,m,136.5,,26.56,2016.0
mRubyFT,408.0,457.0,26000.0,0.63,16.38,3.9,m,342.0,,26.43,2022.0
mRubyFT,582.0,624.0,29600.0,0.086,2.55,4.5,m,900.0,,26.43,2022.0
mSandy2,581.0,606.0,79000.0,0.35,27.65,,m,,,25.68,2022.0
mScarlet,569.0,594.0,100000.0,0.7,70.0,5.3,m,174.0,3.9,26.35,2016.0
mScarlet-220A,568.0,594.0,95000.0,0.668,63.46,,m,,,26.37,2023.0
mScarlet-2A,568.0,592.0,97000.0,0.685,66.44,,m,,,26.38,2023.0
mScarlet-2A-84W,568.0,592.0,97000.0,0.7,67.9,,m,,,26.4,2023.0
mScarlet2-I,,,,,,,m,,,25.8,2019.0
mScarlet3,569.0,592.0,104000.0,0.75,78.0,4.5,m,37.0,4.0,25.85,2023.0
mScarlet3-H,551.0,592.0,102685.0,0.18,18.48,3.45,m,36.0,,25.86,2025.0
mScarlet3-S2,550.0,587.0,83000.0,0.18,14.94,3.3,m,47.0,,25.85,2024.0
mScarlet-H,551.0,592.0,74000.0,0.2,14.8,4.8,,264.0,1.3,26.36,2016.0
mScarlet-I,569.0,593.0,104000.0,0.54,56.16,5.4,m,36.0,3.1,26.36,2016.0
mScarlet-I-220A,568.0,594.0,100000.0,0.543,54.3,,m,,,26.38,2023.0
mScarlet-I3,568.0,592.0,105000.0,0.65,68.25,4.2,m,2.0,3.6,25.85,2023.0
mScarlet-I3-NCwt,567.0,592.0,102000.0,0.653,66.61,,m,,,26.41,2023.0
msGFP2,489.0,509.0,52200.0,0.59,30.8,,m,,,26.23,2019.0
mStable,597.0,633.0,45000.0,0.17,7.65,,m,,,26.09,2016.0
mStayGold,499.0,510.0,164000.0,0.83,136.12,4.8,m,,2.79,25.58,2023.0
mStayGold2,499.0,509.0,175000.0,0.79,138.25,4.8,m,,2.83,26.49,2023.0
mStrawberry,574.0,596.0,90000.0,0.29,26.1,4.5,m,50.0,,26.64,2004.0
mTagBFP,399.0,456.0,41400.0,0.63,26.08,2.7,m,,2.6,,2011.0
mTagBFP2,399.0,454.0,50600.0,0.64,32.38,2.7,m,12.0,2.6,26.65,2011.0
mTangerine,568.0,585.0,38000.0,0.3,11.4,5.7,m,,,25.37,2004.0
mTFP*,468.0,495.0,,,,,,,,25.31,2019.0
mTFP0.3,458.0,488.0,19000.0,0.31,5.89,,m,,,27.51,2006.0
mTFP0.4,,,,,,,m,,,27.48,2006.0
mTFP0.5,,,,,,,m,,,27.48,2006.0
mTFP0.6,,,,,,,m,,,27.04,2006.0
mTFP0.7,453.0,488.0,60000.0,0.5,30.0,,m,,,26.96,2006.0
mTFP0.8,,,,,,,m,,,26.94,2006.0
mTFP0.9,,,,,,,m,,,26.88,2006.0
mTFP1,462.0,492.0,64000.0,0.85,54.4,4.3,m,,3.2,26.91,2006.0
mTFP1-Y67H,,,,,,,,,,26.88,2008.0
mTFP1-Y67W,424.0,461.0,3000.0,0.02,0.06,,,,,26.93,2008.0
mT-Sapphire,399.0,511.0,44000.0,0.6,26.4,4.9,m,156.5,,26.94,2008.0
mTurquoise,434.0,474.0,30000.0,0.84,25.2,4.5,m,112.2,3.7,26.88,2010.0
mTurquoise-146G,,,,,,,m,,,26.82,2012.0
mTurquoise-146S,,,,,,,m,,,26.85,2012.0
mTurquoise2,434.0,474.0,30000.0,0.93,27.9,3.1,m,33.5,4.0,26.91,2012.0
mTurquoise2-1710,482.0,519.0,30000.0,0.51,15.3,4.9,m,,,26.76,2017.0
mTurquoise2-G,,,,,,,m,,,26.86,
mTurquoise2_T203Y,471.0,514.0,27400.0,0.23,6.3,4.8,m,,1.9,26.84,2025.0
mTurquoise-DR,,,,,,,m,,,26.94,2010.0
mTurquoise-GL,,,,,,,m,,,26.84,2010.0
mTurquoise-GV,,,,,,,m,,,26.82,2010.0
mTurquoise-RA,,,,,,,m,,,26.89,2010.0
muGFP,490.0,508.0,117000.0,0.45,52.65,,m,,,26.78,2018.0
mUkG,483.0,499.0,60000.0,0.72,43.2,5.2,m,,,25.61,2008.0
M-Velour-537,537.0,,72000.0,0.001,0.07,,,,,25.18,2022.0
M-Velour-553,553.0,,72000.0,0.001,0.07,,,,,25.2,2022.0
M-Velour-554,554.0,,86000.0,0.001,0.09,,,,,25.21,2022.0
mVenus,515.0,527.0,104000.0,0.64,66.56,5.5,m,17.6,2.7,26.89,2006.0
mVenus-Q69M,515.0,528.0,,,96.97,,m,9.6,,26.9,2010.0
mVermilion,,,,,,,m,,,25.78,2021.0
mVFP,491.0,503.0,85000.0,0.86,73.1,,m,,,25.64,2010.0
mVFP1,491.0,503.0,80400.0,0.84,67.54,,m,,,25.6,2010.0
mWasabi,493.0,509.0,70000.0,0.8,56.0,6.5,m,,,26.94,2008.0
mWatermelon,504.0,515.0,88000.0,0.47,41.36,5.2,m,,,26.29,2023.0
(n1)oxStayGold,497.0,506.0,,,,,,,,25.62,2022.0
(n1)StayGold,496.0,505.0,,,,,d,,,25.57,2022.0
nanoLuc,460.0,460.0,,,,,,,,19.09,2012.0
Neptune,600.0,650.0,72000.0,0.18,12.96,5.8,d,35.0,,27.44,2009.0
NijiFP,469.0,507.0,41100.0,0.64,26.3,7.0,m,,3.4,26.06,2011.0
NijiFP,526.0,569.0,42000.0,0.65,27.3,7.3,m,,4.2,26.06,2011.0
"nirFAST  + HPAR-3,5DOM",636.0,713.0,46000.0,0.067,3.08,,m,,,13.42,2025.0
NowGFP,494.0,502.0,56700.0,0.76,43.09,6.2,m,,5.1,26.69,2015.0
NpR3784g,,,,,,,m,,,17.13,2015.0
Nữ,517.0,531.0,115000.0,0.07,8.05,,m,,,26.95,2008.0
obeCFP,400.0,499.0,36000.0,0.62,22.32,,,,,26.19,2011.0
obeGFP,502.0,515.0,78000.0,0.62,48.36,,,,,26.35,2011.0
obeYFP,514.0,528.0,77000.0,0.57,43.89,,,,,26.37,2011.0
ofCP,528.0,,94000.0,0.001,0.09,,,,,25.22,2022.0
OFP,548.0,573.0,60000.0,0.64,38.4,,t,,,25.12,2007.0
OFPxm,509.0,523.0,,0.25,,,m,,,27.02,2006.0
O-GECO1,558.0,570.0,611.0,0.22,0.13,9.52,,,,,
O-GECO1,545.0,563.0,53599.0,0.23,12.33,6.24,,,,,
ONPG,,,,,,,,,,,2009.0
O-Velour,506.0,,20000.0,0.001,0.02,,,,,25.1,2022.0
oxBFP,385.0,448.0,31000.0,0.56,17.36,,d,,,26.86,2015.0
oxCerulean,435.0,477.0,56000.0,0.41,22.96,,d,,,,2015.0
oxGFP,486.0,510.0,87000.0,0.58,50.46,,d,,,26.85,2015.0
oxStayGold,497.0,506.0,169000.0,0.93,157.17,,d,,,24.66,2022.0
oxVenus,514.0,526.0,89000.0,0.49,43.61,,d,,,26.82,2015.0
P11,471.0,502.0,,,,,,,,26.9,1994.0
P4,382.0,448.0,2100.0,0.24,0.5,,wd,,,26.86,1994.0
P4-1,504.0,514.0,14500.0,0.54,7.83,,,,,26.84,1996.0
P4-3E,384.0,448.0,22000.0,0.27,5.94,,,,,26.75,1998.0
P9,471.0,502.0,,,,,,,,26.9,1994.0
Padron,503.0,522.0,43000.0,0.64,27.52,,m,,,25.46,2008.0
Padron0.9,505.0,522.0,36000.0,0.61,21.96,,m,,,25.38,2010.0
Padron2,492.0,516.0,32700.0,0.49,16.02,6.6,m,70.0,3.5,25.16,2021.0
Padron(star),503.0,522.0,,,,,m,,,25.48,2008.0
PA-GFP,504.0,517.0,17400.0,0.79,13.75,,m,,,26.97,2002.0
PAmCherry1,564.0,595.0,18000.0,0.46,8.28,6.3,m,23.0,,26.77,2009.0
PAmCherry2,570.0,596.0,24000.0,0.53,12.72,6.2,m,18.0,,26.74,2009.0
PAmCherry3,570.0,596.0,21000.0,0.24,5.04,6.2,m,25.0,,26.75,2009.0
PAmKate,586.0,628.0,25000.0,0.18,4.5,5.6,m,19.0,,26.28,2011.0
PATagRFP,562.0,595.0,66000.0,0.38,25.08,5.3,m,,,26.08,2010.0
PATagRFP1297,563.0,595.0,63000.0,0.42,26.46,,t,25.0,,26.01,2010.0
PATagRFP1314,562.0,596.0,61000.0,0.46,28.06,,d,25.0,,26.09,2010.0
pcDronpa,505.0,517.0,115000.0,0.85,97.75,5.5,t,,3.2,25.39,2014.0
pcDronpa,569.0,581.0,75000.0,0.68,51.0,6.3,t,,3.9,25.39,2014.0
pcDronpa2,504.0,515.0,100000.0,0.83,83.0,5.8,t,,,25.34,2014.0
pcDronpa2,569.0,583.0,105000.0,0.68,71.4,6.1,t,,,25.34,2014.0
pcStar,505.0,515.0,74376.0,0.89,66.19,5.49,m,,,25.72,2019.0
pcStar,567.0,579.0,48403.0,0.44,21.3,6.14,m,,,25.72,2019.0
PdaC1,480.0,492.0,,,,,,,,25.09,2004.0
pdae1GFP,491.0,511.0,105000.0,0.68,71.4,,,,,24.92,2004.0
PDM1-4,,,,,,,,,,25.47,2010.0
pFAST,,,,,,,,,,13.88,2021.0
pFAST + HBIR-3M,514.0,567.0,12000.0,0.003,0.04,,m,,,,2021.0
"pFAST + HBR 2,5 DM",498.0,549.0,,,,,m,,,,2023.0
"pFAST + HBR 3,5 DOM",519.0,600.0,44000.0,0.33,14.52,,m,,,,2021.0
pFAST + HMBR,481.0,542.0,54000.0,0.23,12.42,,m,,,,2021.0
Phanta,506.0,516.0,98000.0,0.003,0.29,4.5,,,,25.84,2013.0
phiLOV2.1,451.0,501.0,13500.0,0.2,2.7,3.0,m,,,12.74,2021.0
phiLOV3,452.0,502.0,15800.0,0.22,3.48,3.3,m,,,12.67,2021.0
phiYFP,525.0,537.0,115000.0,0.6,69.0,,d,,,26.05,2004.0
phiYFPv,524.0,537.0,101305.0,0.59,59.77,,,,,25.94,2013.0
pHluorin2,475.0,509.0,,,,,,,,26.93,2011.0
pHluorin2,395.0,509.0,,,,,,,,26.93,2011.0
pHluorin4,488.0,520.0,15900.0,0.85,13.52,6.7,,,,26.94,2025.0
pHluorin4,405.0,520.0,20800.0,0.63,13.1,6.71,,,,26.94,2025.0
"pHluorin, ecliptic",395.0,509.0,,,,7.1,,,,26.96,1998.0
"pHluorin, ecliptic",395.0,509.0,,,,,,,,26.96,1998.0
"pHluorin, ratiometric",475.0,509.0,,,,,,,,26.89,1998.0
"pHluorin, ratiometric",395.0,509.0,,,,,,,,26.89,1998.0
pHmScarlet,562.0,585.0,85000.0,0.47,39.95,7.4,,,,26.36,2021.0
pHmScarlet,513.0,513.0,,,,,,,,26.36,2021.0
pHmScarlet,517.0,517.0,,,,,,,,26.36,2021.0
pHmScarlet,520.0,520.0,,,,,,,,26.36,2021.0
pHmScarlet,562.0,562.0,,,,,,,,26.36,2021.0
pHmScarlet,562.0,562.0,,,,,,,,26.36,2021.0
pHmScarlet,562.0,562.0,,,,,,,,26.36,2021.0
pHmScarlet,564.0,585.0,,,,,,,,26.36,2021.0
pHRed,440.0,620.0,,,,,,,,,2011.0
pHRed,585.0,620.0,,,,,,,,,2011.0
pH-tdGFP,488.0,515.0,,,,4.8,td,,,54.21,2016.0
pHuji,566.0,598.0,31000.0,0.22,6.82,7.7,m,,,26.99,2014.0
plamGFP,502.0,514.0,98600.0,0.96,94.66,,t,,,26.5,2008.0
plobRFP,578.0,614.0,84000.0,0.74,62.16,,t,,,26.45,2019.0
pmeaGFP1,489.0,504.0,99000.0,0.74,73.26,,,,,24.98,2004.0
pmeaGFP2,487.0,502.0,98000.0,0.72,70.56,,,,,24.94,2004.0
pmimGFP1,491.0,505.0,79000.0,0.92,72.68,5.3,t,,,25.1,2010.0
pmimGFP2,491.0,505.0,79000.0,0.92,72.68,4.7,t,,,25.11,2010.0
Pp2 FbFP,449.0,495.0,14200.0,0.22,3.12,,d,,,16.99,2014.0
Pp2FbFP L30M,449.0,495.0,14800.0,0.25,3.7,,d,,,17.01,2015.0
ppluGFP1,480.0,500.0,65000.0,0.6,39.0,,,,,24.56,2004.0
ppluGFP2,482.0,502.0,70000.0,0.6,42.0,,m,,,24.65,2004.0
pporGFP,495.0,507.0,98200.0,0.54,53.03,,t,,,24.73,2008.0
pporRFP,578.0,595.0,94900.0,0.54,51.25,,t,,,26.05,2008.0
PROSS-eGFP,488.0,509.0,,0.57,,5.37,,,0.99,28.3,2022.0
psamCFP,404.0,492.0,30800.0,0.96,29.57,,t,,,25.88,2008.0
PS-CFP,402.0,468.0,34000.0,0.16,5.44,4.0,m,,,27.27,2004.0
PS-CFP,490.0,511.0,27000.0,0.19,5.13,6.0,m,,,27.27,2004.0
PS-CFP2,400.0,468.0,43000.0,0.2,8.6,,m,,,26.68,
PS-CFP2,490.0,511.0,47000.0,0.23,10.81,,m,,,26.68,
PSLSSmKate,445.0,622.0,26500.0,0.21,5.57,6.5,m,90.0,,26.2,2014.0
PSLSSmKate,573.0,621.0,8500.0,0.16,1.36,8.2,m,,,26.2,2014.0
PSmOrange,548.0,565.0,113300.0,0.51,57.78,6.2,m,96.0,,26.79,2011.0
PSmOrange,634.0,662.0,32700.0,0.28,9.16,5.6,m,,,26.79,2011.0
PSmOrange2,546.0,561.0,51000.0,0.61,31.11,6.6,m,210.0,,26.73,2012.0
PSmOrange2,619.0,651.0,18900.0,0.38,7.18,5.4,m,,,26.73,2012.0
psupFP,,,,,,,,,,,2009.0
ptilGFP,500.0,508.0,,,,,,,,27.05,2002.0
Q80R,,,,,,,,,,26.91,
QC2-6,496.0,504.0,,,,,m,,,25.61,2023.0
R3-2+PCB,620.0,648.0,74000.0,0.13,9.62,,,,,14.96,2016.0
RCaMP,575.0,602.0,,0.14,,,,,,49.27,2013.0
RDSmCherry0.1,598.0,625.0,59600.0,0.1,5.96,,m,,,26.59,2017.0
RDSmCherry0.2,600.0,630.0,34400.0,0.03,1.03,,m,,,26.65,2017.0
RDSmCherry0.5,604.0,636.0,23300.0,0.02,0.47,,m,,,26.69,2017.0
RDSmCherry1,600.0,630.0,55400.0,0.09,4.99,5.6,m,,,26.64,2017.0
REACh1,495.0,530.0,,,,,,,,27.01,2006.0
REACh2,510.0,538.0,,,,,,,,26.98,2006.0
REX-GECO1,578.0,599.0,38227.0,0.054,2.06,4.6,,,,,
REX-GECO1,484.0,586.0,33300.0,0.21,6.99,11.7,,,,,
R-FlincA,560.0,585.0,,,,,,,,,2018.0
rfloGFP,508.0,518.0,,,,,,,,26.01,2002.0
rfloGFP2,,,,,,,,,,,2008.0
rfloRFP,566.0,574.0,,,,,,,,,2002.0
RFP611,559.0,611.0,120000.0,0.48,57.6,,t,110.0,,26.0,2008.0
RFP618,560.0,618.0,,0.35,,,t,360.0,,26.1,2008.0
RFP630,583.0,630.0,50000.0,0.35,17.5,,t,,,26.03,2008.0
RFP637,587.0,637.0,72000.0,0.23,16.56,,t,480.0,,26.09,2008.0
RFP639,588.0,639.0,69000.0,0.18,12.42,,t,90.0,,26.12,2008.0
R-GECO1,576.0,599.0,5138.0,0.15,0.77,8.69,,,,,
R-GECO1,563.0,588.0,56416.0,0.2,11.28,5.21,,,,,
R-GECO1.2,573.0,597.0,2333.0,0.21,0.49,8.98,,,,,
R-GECO1.2,558.0,585.0,45040.0,0.31,13.96,5.42,,,,,
RLuc8,400.0,400.0,,,,,,,,,2006.0
roGFP1,475.0,508.0,,,,,,,,26.83,2004.0
roGFP1-R1,400.0,508.0,,,,,,,,26.94,2004.0
roGFP1-R8,400.0,511.0,,,,,,,,26.88,2004.0
roGFP2,490.0,511.0,,,,,,,,26.87,2004.0
Rosmarinus,437.0,482.0,45000.0,0.85,38.25,,t,,,26.05,2017.0
RpBphP1,,,,,,,,,,34.5,2012.0
RpBphP2,,,,,,,,,,34.56,
RpBphP6,,,,,,,,,,34.53,2008.0
rrenGFP,485.0,508.0,,,,,d,,,25.99,2008.0
rrGFP,,,,,,,,,,26.18,2007.0
RRvT,556.0,583.0,134000.0,0.88,117.92,3.9,td,,,54.55,2016.0
rsCherry,572.0,610.0,80000.0,0.02,1.6,,m,,,26.77,2008.0
rsCherryRev,572.0,608.0,84000.0,0.005,0.42,,m,,,26.73,2008.0
rsCherryRev1.4,572.0,609.0,,,,,d,,,26.71,2014.0
rsEGFP,493.0,510.0,47000.0,0.36,16.92,6.5,m,180.0,,26.97,2011.0
rsEGFP2,478.0,503.0,61300.0,0.3,18.39,5.8,m,20.0,,26.94,2012.0
rsFastLime,496.0,518.0,39094.0,0.77,30.1,,t,,2.9,25.44,2007.0
rsFolder,477.0,503.0,51600.0,0.25,12.9,5.5,m,,,26.88,2016.0
rsFolder2,478.0,503.0,44000.0,0.23,10.12,5.5,m,,,26.9,2016.0
rsFusionRed1,577.0,605.0,82400.0,0.1,8.24,4.6,m,65.0,,25.59,2018.0
rsFusionRed2,580.0,607.0,35500.0,0.12,4.26,4.7,m,30.0,,25.6,2018.0
rsFusionRed3,580.0,607.0,38000.0,0.08,3.04,4.7,m,25.0,,25.57,2018.0
RSGFP1,,,,,,,,,,26.79,1995.0
RSGFP2,,,,,,,,,,26.85,1995.0
RSGFP3,,,,,,,,,,26.83,1995.0
RSGFP4,,,,,,,,,,26.83,1995.0
RSGFP6,,,,,,,,,,26.84,1995.0
RSGFP7,,,,,,,,,,26.84,1995.0
rsGreen1,486.0,509.0,61000.0,0.42,25.62,5.9,m,,,26.94,2015.0
rsKame,503.0,517.0,72000.0,0.86,61.92,,m,,,25.49,2014.0
rsTagRFP,567.0,585.0,36800.0,0.11,4.05,6.6,m,,,26.63,2010.0
Rtms5,592.0,626.0,80000.0,0.004,0.32,3.2,t,,,24.91,2003.0
R-Velour,528.0,,91000.0,0.001,0.09,,m,,,25.19,2022.0
SAASoti,510.0,519.0,,,,,t,,,25.15,2015.0
SAASoti,510.0,589.0,,,,,t,,,25.15,2015.0
Sandercyanin,375.0,675.0,21000.0,0.016,0.34,,t,,,18.62,2016.0
Sapphire,399.0,511.0,29000.0,0.64,18.56,4.9,wd,38.4,,26.84,1998.0
sarcGFP,483.0,500.0,76700.0,0.96,73.63,,t,,,25.83,2008.0
SBFP1,380.0,446.0,2300.0,0.4,0.92,,m,,,26.85,2007.0
SBFP2,380.0,446.0,34000.0,0.47,15.98,5.5,m,,,26.84,2007.0
SCFP1,434.0,477.0,29000.0,0.24,6.96,3.5,m,50.9,1.5,26.93,2006.0
SCFP2,434.0,474.0,29000.0,0.41,11.89,3.5,m,,2.3,26.92,2006.0
SCFP3A,433.0,474.0,30000.0,0.56,16.8,4.5,m,6.4,2.6,26.89,2006.0
SCFP3B,433.0,474.0,30000.0,0.5,15.0,4.5,m,,2.3,26.8,2006.0
scleFP1,,,,,,,,,,16.71,2009.0
scleFP2,,,,,,,,,,16.51,2009.0
scOrange,,,,,,,,,,26.05,2018.0
scubGFP1,497.0,506.0,,,,,,,,,2002.0
scubGFP2,497.0,506.0,,,,,,,,,2002.0
scubRFP,570.0,578.0,66400.0,0.6,39.84,,t,,,26.06,2008.0
secBFP2,399.0,456.0,,,,,m,,,26.31,2013.0
SEYFP,515.0,528.0,101000.0,0.56,56.56,6.0,d,,,26.87,2002.0
sfCherry,,,,,,,m,,,25.48,2013.0
sfCherry2,,,,,,,m,,,25.26,2017.0
sfCherry3C,,,,,,,m,,,25.48,2019.0
sfOrange,546.0,560.0,,,,,d,,,26.83,2023.0
sg11,385.0,506.0,12700.0,0.84,10.67,,,,,26.92,1997.0
sg12,396.0,508.0,18300.0,0.85,15.55,,,,,26.95,1997.0
sg25,474.0,506.0,26200.0,0.76,19.91,,,,,26.94,1997.0
sg42,384.0,450.0,15600.0,0.24,3.74,,,,,26.93,1997.0
sg50,384.0,450.0,16500.0,0.25,4.12,,,,,26.9,1997.0
sgBP,608.0,,122573.0,,,,t,,,25.98,2015.0
sgBP-Q62M,608.0,,122923.0,,,,,,,25.99,2015.0
sgBP-S157C,604.0,,58029.0,,,,,,,26.0,2015.0
sgBP-S157T,611.0,,85654.0,,,,,,,26.0,2015.0
SGFP1,495.0,512.0,42000.0,0.62,26.04,6.0,m,,,26.91,2007.0
SGFP2,495.0,512.0,46000.0,0.7,32.2,5.9,m,,,26.89,2007.0
SGFP2(206A),496.0,512.0,44000.0,0.69,30.36,6.0,m,,,26.84,2007.0
SGFP2(E222Q),496.0,512.0,67000.0,0.52,34.84,6.0,,,,26.89,2007.0
SGFP2(T65G),501.0,512.0,90000.0,0.35,31.5,6.7,m,,,26.85,2007.0
SH3,450.0,495.0,,0.4,,,,,,12.94,2019.0
ShadowG,486.0,510.0,89000.0,0.005,0.45,,,,0.16,26.98,2015.0
ShadowR,585.0,,97100.0,,,,m,,,27.09,2019.0
ShadowY,519.0,531.0,136000.0,0.01,1.36,,,,,26.86,2017.0
SHardonnay,511.0,530.0,89000.0,0.75,66.75,,m,,3.4,26.98,2013.0
shBFP,401.0,458.0,15407.0,0.79,12.17,,wd,,,25.49,2016.0
shBFP-N158K/L173I,375.0,458.0,19500.0,0.78,15.21,,,,,25.51,2016.0
shBFP-N158S/L173I,375.0,458.0,24100.0,0.84,20.24,,m,,,25.47,2016.0
shCP,574.0,,,,,,d,,,25.56,2014.0
shCP-E63L/Y64H,403.0,451.0,1276.0,0.17,0.22,,,,,25.52,2016.0
shCP-E63S,560.0,,,,,,,,,25.52,2014.0
shCP-Q39S,518.0,,,,,,,,,25.52,2014.0
shCP-T194I,577.0,,,,,,,,,25.57,2014.0
ShG24,486.0,506.0,,,,,m,,,26.96,2006.0
ShyRFP,450.0,596.0,30000.0,,,,m,,,26.9,2014.0
shysCP562,562.0,,,,,,,,,,2008.0
Sirius,355.0,424.0,15000.0,0.24,3.6,3.0,m,,,26.69,2009.0
SiriusGFP,504.0,516.0,56600.0,0.214,12.11,5.29,m,,,26.97,2018.0
Skylan-NS,499.0,511.0,133770.0,0.59,78.92,5.7,m,,,25.71,2016.0
Skylan-S,499.0,511.0,152408.0,0.64,97.54,,m,,3.94,25.68,2015.0
Slow-FT,,,,,,,m,,,26.79,2009.0
smURFP,642.0,670.0,180000.0,0.18,32.4,3.2,d,39.0,1.4,14.96,2016.0
smURFP_2.5,642.0,672.0,160000.0,0.32,51.2,,d,,,15.92,2025.0
SNIFP,697.0,720.0,149200.0,0.022,3.28,,m,,0.63,34.72,2018.0
SOPP,440.0,487.0,14500.0,0.39,5.66,,,,,12.31,2015.0
SOPP2,439.0,491.0,14800.0,0.41,6.07,,,,,12.23,2017.0
SOPP3,439.0,490.0,15000.0,0.41,6.15,,,,,12.09,2017.0
spGFP 11,,,,,,,,,,1.83,2005.0
spGFP1-10,,,,,,,,,,24.01,2005.0
spisCP,560.0,,61000.0,,,,t,,,24.95,2008.0
SPOON,510.0,527.0,54000.0,0.5,27.0,7.2,m,112.0,,26.83,2018.0
sREACh1,518.0,530.0,114000.0,0.03,3.42,,,,,26.95,2017.0
sREACh2,519.0,531.0,130000.0,0.02,2.6,,,,,26.9,2017.0
StayGold,496.0,505.0,159000.0,0.93,147.87,4.0,d,14.0,,24.61,2022.0
StayGold-E138D,497.0,504.0,145000.0,0.87,126.15,4.6,m,14.0,,24.6,2023.0
StayRose,530.0,588.0,,,,,d,,,,2024.0
stylCP,574.0,,96600.0,,,,t,,,24.95,2008.0
stylGFP,485.0,500.0,86700.0,0.7,60.69,,t,,,24.99,2008.0
Sumire,343.0,414.0,20000.0,0.7,14.0,,wd,,,26.29,2022.0
superecliptic pHluorin,488.0,511.0,37000.0,0.8,29.6,7.0,,,,26.94,2002.0
Superfolder BFP,380.0,445.0,,,,,,,,26.75,2005.0
Superfolder CFP,430.0,479.0,,,,,wd,,,26.8,2005.0
Superfolder GFP,488.0,510.0,83300.0,0.65,54.15,,wd,13.6,3.1,26.78,2005.0
Superfolder mTurquoise2,434.0,474.0,,,,,m,,,26.85,2019.0
Superfolder mTurquoise2 ox,434.0,474.0,,,,,m,,,26.84,2019.0
Superfolder pHluorin,,,,,,,,,,26.81,2018.0
Superfolder YFP,513.0,527.0,,,,,wd,,,26.84,2005.0
SuperNova2,579.0,610.0,45.0,,,,m,,,26.56,2020.0
SuperNova Green,440.0,510.0,28000.0,0.23,6.44,,m,,,26.34,2018.0
SuperNova Red,579.0,610.0,45000.0,0.3,13.5,,m,,,26.35,2013.0
super-TagRFP,555.0,579.0,113000.0,0.53,59.89,,m,,2.5,27.57,2020.0
SYFP2,515.0,527.0,101000.0,0.68,68.68,6.0,m,4.1,2.9,26.88,2006.0
sympFP,,,,,,,,,,,2009.0
TagBFP,402.0,457.0,52000.0,0.63,32.76,2.7,m,13.0,2.6,26.28,2008.0
TagCFP,458.0,480.0,37000.0,0.57,21.09,4.7,m,,,26.68,2002.0
TagGFP,482.0,505.0,55000.0,0.6,33.0,5.0,d,18.0,,26.68,2008.0
TagGFP2,483.0,506.0,56500.0,0.6,33.9,4.7,m,11.0,3.2,26.87,2008.0
TagRFP,555.0,584.0,100000.0,0.48,48.0,3.8,wd,100.0,2.3,26.09,2007.0
TagRFP657,611.0,657.0,34000.0,0.1,3.4,5.0,m,125.0,,26.31,2010.0
TagRFP658,611.0,658.0,41200.0,0.1,4.12,4.6,m,,,26.39,2021.0
TagRFP675,598.0,675.0,46000.0,0.08,3.68,5.7,m,25.0,0.9,26.38,2013.0
TagRFP-T,555.0,584.0,81000.0,0.41,33.21,4.6,m,100.0,2.3,27.58,2008.0
TagYFP,508.0,524.0,50000.0,0.62,31.0,5.5,m,,,26.97,
td5oxStayGold,496.0,506.0,156000.0,0.93,145.08,,td,,,54.35,2023.0
td5StayGold,496.0,504.0,155000.0,0.91,141.05,,td,,,54.26,2023.0
td8oxStayGold,496.0,506.0,157000.0,0.93,146.01,,td,,,54.17,2023.0
tdimer2(12),552.0,579.0,120000.0,0.68,81.6,4.8,td,120.0,,52.66,2002.0
tdKatushka2,588.0,633.0,132500.0,0.37,49.02,5.4,td,,,26.08,2009.0
tdLanYFP,512.0,519.0,133000.0,0.92,122.36,3.9,d,,2.9,52.98,2021.0
tdoxStayGold,496.0,504.0,,,,,td,,,60.87,2022.0
td-RFP611,558.0,609.0,70000.0,0.47,32.9,,d,225.0,,26.14,2008.0
td-RFP639,589.0,631.0,90400.0,0.16,14.46,,d,480.0,,26.17,2008.0
TDsmURFP,642.0,670.0,170000.0,0.18,30.6,,td,,,31.96,2016.0
tdStayGold,496.0,504.0,162000.0,0.9,145.8,,td,,,60.78,2022.0
tdTomato,554.0,581.0,138000.0,0.69,95.22,4.7,td,60.0,,54.19,2004.0
tdUltramarine2,587.0,,203400.0,0.0001,0.02,,td,,,50.78,2016.0
TeAPCα,,,,,,,d,,,14.89,2016.0
Thermostable Green Protein,493.0,507.0,64000.0,0.66,42.24,,m,1.0,3.1,25.42,2015.0
tKeima,440.0,616.0,14500.0,0.22,3.19,6.5,t,,2.4,25.03,2006.0
Topaz,514.0,527.0,94500.0,0.6,56.7,,wd,,,26.93,1998.0
tPapaya0.01,,,,,,,t,,,27.53,2013.0
TripartiteGFP,480.0,514.0,,,,,,,,26.77,2013.0
Trp-less GFP,,,,,,,,,,25.6,2012.0
T-Sapphire,399.0,511.0,44000.0,0.6,26.4,4.9,wd,156.5,2.93,26.88,2003.0
tsPurple,,,,,,,,,,25.55,2018.0
TurboFP602,574.0,602.0,74400.0,0.35,26.04,4.7,d,,,26.3,
TurboGFP,482.0,502.0,70000.0,0.53,37.1,5.2,d,25.0,,25.69,2006.0
TurboGFP-V197L,482.0,502.0,,,,,d,,,24.4,2006.0
TurboRFP,553.0,574.0,92000.0,0.67,61.64,4.4,d,90.0,,26.14,2007.0
TurboYFP,525.0,538.0,105000.0,0.53,55.65,5.9,d,,,26.85,2021.0
Turquoise-GL,434.0,474.0,30000.0,0.82,24.6,,m,,3.9,26.78,2010.0
Ultramarine,586.0,626.0,64000.0,0.001,0.06,,m,108.0,1.6,24.93,2012.0
UnaG,498.0,527.0,77300.0,0.51,39.42,4.0,,,,15.58,2013.0
usGFP,490.0,508.0,103000.0,0.45,46.35,,d,,,26.81,2014.0
V127T SAASoti,509.0,519.0,75000.0,,,,m,,,25.15,2018.0
V127T SAASoti,579.0,589.0,24000.0,,,,m,,,25.15,2018.0
Var1,484.0,508.0,62241.0,0.8,49.79,,,,,26.88,2025.0
Venus,515.0,528.0,92200.0,0.57,52.55,6.0,wd,17.6,3.0,26.84,2002.0
VFP,491.0,503.0,83700.0,1.0,83.7,,d,,,25.58,2010.0
vsfGFP-0,485.0,510.0,209916.0,0.76,159.54,4.84,d,,,38.39,2015.0
vsfGFP-9,485.0,510.0,104958.0,0.7,73.47,4.75,m,,,39.46,2015.0
vsGFP,,,,,,,d,,,26.83,2014.0
W1C,435.0,495.0,21200.0,0.39,8.27,,d,,,26.82,1998.0
W2,432.0,480.0,10000.0,0.71,7.1,,d,,,26.84,1996.0
W7,433.0,475.0,18000.0,0.67,12.06,,d,,,26.86,1996.0
WasCFP,494.0,505.0,51000.0,0.85,43.35,6.9,m,,5.1,26.77,2012.0
Wi-Phy,701.0,719.0,92991.0,0.047,4.37,,m,,,36.1,2011.0
WiPhy2,696.0,719.0,,0.087,,,m,,0.78,37.14,2015.0
Xpa,,,,,,,,,,,2015.0
yEGFP,,,,,,,,,,26.94,1997.0
YFP3,514.0,527.0,99000.0,0.76,75.24,5.79,,,,26.98,2005.0
YGFPdp,502.0,513.0,17300.0,0.7,12.11,,d,,,24.7,2017.0
YGFPuv,398.0,512.0,8800.0,0.81,7.13,,d,,,24.71,2017.0
YPet,517.0,530.0,104000.0,0.77,80.08,5.63,wd,,,26.91,2005.0
YuzuFP,492.0,511.0,61400.0,0.92,56.49,6.2,m,16.0,2.76,27.8,2025.0
zFP538,528.0,538.0,20200.0,0.42,8.48,,t,,,26.17,1999.0
zGFP,,,,,,,,,,26.04,2009.0
zoan2RFP,552.0,576.0,,,,,,,,26.4,2002.0
zRFP,,,,,,,,,,25.94,2009.0
ZsGreen,496.0,506.0,35600.0,0.63,22.43,,t,,,26.11,1999.0
ZsGreen1,493.0,505.0,,,,,t,,,26.13,
ZsYellow1,529.0,539.0,20000.0,0.65,13.0,,t,,,26.14,
αGFP,397.0,506.0,30000.0,0.79,23.7,,d,,,26.8,1996.0
