GFP type,aaMutations,Brightness
egGFP,E172V,0.611839
avGFP,Y66F,0.565232
avGFP,N149K,1.080723
avGFP,R73H,1.40651
egGFP,F64L,3.377105
avGFP,F64L,1.866809
avGFP,E222G,1.514133
avGFP,R96H,1.34015
avGFP,D190N,1.955384
avGFP,V163A,3.070352
avGFP,L231F,1.307105
sfGFP,S65T,2.860615
avGFP,Y66H,1.913105
sfGFP,M153T,2.109228
avGFP,F64L,2.380305
avGFP,S72A,1.716431
rfGFP,F223S,0.739926
egGFP,S175G,1.022765
avGFP,D190N,0.353233
egGFP,F99S,1.897148
avGFP,R73H,1.867186
avGFP,Y66F,1.185418
sfGFP,S175G,1.570444
sfGFP,L236V,0.906481
avGFP,T225S,1.663735
avGFP,WT,0.906216
avGFP,Y66F,1.686284
egGFP,S205V,3.080351
rfGFP,S65G,0.425539
sfGFP,N146D,1.359607
avGFP,L221V,0.930391
avGFP,K79R,1.305206
sfGFP,L109V,1.102765
rfGFP,D76N,1.743154
avGFP,S65G,0.485484
avGFP,E172V,1.508127
avGFP,Y145F,0.483415
avGFP,Q183R,0.834405
avGFP,Q183R,0.536863
avGFP,E172V,1.584437
rfGFP,R73H,1.318071
sfGFP,L109V,1.361402
avGFP,S65C,0.671349
sfGFP,G101A,1.216882
avGFP,N146D,1.841608
avGFP,WT,0.931661
sfGFP,V163A,1.513904
avGFP,Y66F,1.124211
avGFP,N185D,0.873946
avGFP,V163A,1.937528
egGFP,K79R,0.91817
avGFP,E222G,2.494497
avGFP,D76N,0.362708
avGFP,F64L,1.602958
avGFP,D76N,1.378397
avGFP,F64L,2.395566
avGFP,S65C,1.44263
avGFP,T203Y,0.22108
avGFP,D76G,1.37492
avGFP,S65C,1.687934
sfGFP,I167T,0.845326
avGFP,S65C,1.75921
avGFP,R73H,1.170558
avGFP,N149K,0.4635
avGFP,D180Y,0.95745
sfGFP,F99S,1.448673
avGFP,R96H,1.220462
avGFP,D190N,1.421973
rfGFP,Y145F,1.178281
rfGFP,F64L,3.430839
rfGFP,S65G,0.416551
avGFP,Y66H,1.490608
sfGFP,I167T,1.808047
avGFP,N185D,0.443038
egGFP,Y66F,1.43728
avGFP,F223S,1.898227
avGFP,R96H,0.573374
avGFP,F99S,1.062321
avGFP,D180Y,0.330728
avGFP,M153T,2.992983
sfGFP,Y66F,1.417942
avGFP,N185D,1.164984
avGFP,L109V,0.714782
rfGFP,D76G,1.127462
avGFP,Y66F,1.651179
avGFP,K166Q,1.437171
avGFP,N185D,1.528169
avGFP,N149K,1.606542
rfGFP,S205V,2.439889
rfGFP,K238N,0.92927
rfGFP,D180Y,0.862276
rfGFP,K238N,1.938154
avGFP,N185D,0.819685
sfGFP,Q183R,0.838767
avGFP,F99S,1.891463
avGFP,S65T,1.694353
avGFP,Q183R,0.9097
avGFP,Y145H,0.848336
avGFP,S175G,1.494223
avGFP,D234N,0.804067
sfGFP,Y145F,1.774023
avGFP,V163A,1.51037
egGFP,R73H,1.404939
egGFP,K238N,1.813009
avGFP,Q80R,1.28407
avGFP,Q183R,0.361102
avGFP,R96H,1.96913
avGFP,L109V,0.35185
sfGFP,D190N,0.912324
avGFP,D76N,1.608989
rfGFP,L231F,1.077351
avGFP,S65C,1.203303
avGFP,L236V,0.5352
rfGFP,I167T,1.177711
avGFP,K166Q,0.977996
avGFP,N149K,0.433376
avGFP,D76N,0.437484
avGFP,Y66H,0.398929
avGFP,WT,0.984032
avGFP,R96H,0.775888
avGFP,I167T,1.417089
avGFP,S65G,0.3098
avGFP,E222G,1.817293
avGFP,L109V,0.497323
avGFP,S65G,0.255707
avGFP,S65G,0.148917
sfGFP,D234N,0.888717
avGFP,K166Q,0.3817
sfGFP,S65G,0.230447
avGFP,Y66W,0.351568
avGFP,WT,0.989769
avGFP,T225S,0.419967
avGFP,F64L,2.671551
sfGFP,Y145H,1.451186
avGFP,F223S,1.07903
rfGFP,K206R,0.956374
avGFP,N185D,0.651363
avGFP,H148D,0.471323
avGFP,F64L,2.736508
avGFP,Q80R,0.842259
avGFP,Y145F,0.879062
avGFP,D180Y,1.477914
rfGFP,T225S,0.366617
sfGFP,R96H,0.779459
avGFP,Y66W,0.38426
rfGFP,F223S,1.00145
avGFP,F99S,1.286925
rfGFP,Q80R,1.759302
egGFP,V163A,1.976472
rfGFP,K166Q,1.158929
avGFP,D234N,0.80598
avGFP,N149K,0.318424
sfGFP,D180Y,0.903339
rfGFP,N146D,1.916032
avGFP,N149K,0.441583
avGFP,S65G,0.264332
egGFP,T105I,1.645684
avGFP,E172V,1.140515
rfGFP,E172V,0.394981
sfGFP,F223S,0.896556
rfGFP,F99S,1.469651
sfGFP,L231F,1.725417
egGFP,K238N,0.423697
egGFP,Y145H,0.438293
avGFP,D76N,1.288219
avGFP,T225S,1.681759
rfGFP,S72A,1.580743
egGFP,S65C,1.118834
avGFP,L231F,1.021177
avGFP,Y145F,1.038568
avGFP,T225S,1.096723
avGFP,G101A,0.499795
egGFP,D180Y,1.457767
rfGFP,N146D,0.93728
sfGFP,R96H,0.680113
sfGFP,S65C,1.962431
avGFP,T225S,1.814943
rfGFP,T105I,0.425454
avGFP,F223S,0.428239
avGFP,L236V,1.482773
rfGFP,I171V,1.484773
rfGFP,S65T,1.590893
rfGFP,E222G,1.615728
avGFP,D76G,1.354225
avGFP,Y66F,1.399642
avGFP,Y66F,1.292215
avGFP,N146D,0.741915
avGFP,Y145H,1.211364
avGFP,N185D,1.324729
avGFP,D234N,1.848576
rfGFP,S65C,1.533723
rfGFP,L236V,0.440672
sfGFP,K166Q,0.376872
egGFP,N185D,1.116629
avGFP,L236V,1.310022
rfGFP,R96H,1.731602
avGFP,V163A,1.573644
avGFP,WT,1.010934
rfGFP,S65G,0.598318
egGFP,Q80R,1.906102
avGFP,Y66W,0.220542
avGFP,Y66H,1.921887
avGFP,V163A,3.256441
avGFP,S175G,0.908877
avGFP,Y66F,1.146881
avGFP,S65T,3.204363
avGFP,L231F,1.790311
avGFP,S205V,1.557565
egGFP,V163A,2.778723
avGFP,T203Y,0.168186
avGFP,L221V,1.30286
avGFP,K166Q,0.454704
avGFP,L221V,1.173782
rfGFP,K79R,0.806531
sfGFP,D190N,1.914185
avGFP,S65A,1.731555
avGFP,S205V,2.418272
avGFP,L221V,0.890603
avGFP,K206R,0.880657
avGFP,L236V,0.517678
avGFP,I171V,1.486035
avGFP,S65A,0.887634
sfGFP,S65T,2.530472
avGFP,Q183R,0.626891
sfGFP,N149K,0.88664
avGFP,D190N,0.450794
avGFP,WT,0.975781
avGFP,E222G,2.22854
avGFP,M153T,2.143166
egGFP,Y145F,1.367431
avGFP,L236V,0.566862
avGFP,D234N,0.770692
avGFP,WT,1.008906
avGFP,L236V,1.123689
egGFP,Y145F,1.203152
egGFP,F64L,1.573366
avGFP,S72A,1.735549
avGFP,K206R,0.482192
avGFP,D76G,0.7122
egGFP,R96H,0.609883
avGFP,E172V,0.659462
avGFP,Y145F,0.696468
avGFP,V163A,2.858205
avGFP,S65T,2.459164
avGFP,R73H,1.29763
avGFP,Y66F,1.25958
avGFP,D190N,0.91724
avGFP,Y145F,0.7154
avGFP,T225S,1.887276
avGFP,L109V,0.921107
avGFP,D234N,0.617164
avGFP,K166Q,1.824501
avGFP,S65T,2.320794
rfGFP,R73H,1.824237
rfGFP,G101A,1.771362
rfGFP,S65C,1.134273
avGFP,D76G,1.879939
avGFP,V163A,2.453239
egGFP,T225S,0.617974
avGFP,S65A,1.162938
avGFP,E222G,2.72124
avGFP,D76G,0.562417
avGFP,R73H,1.309601
avGFP,S65C,0.528505
avGFP,Q80R,0.642942
sfGFP,S175G,0.732889
avGFP,D76N,0.498383
avGFP,V163A,2.323682
avGFP,K166Q,1.746237
avGFP,L231F,1.885995
rfGFP,T203Y,0.190617
rfGFP,F223S,1.526714
avGFP,H148D,1.651954
egGFP,M153T,3.150265
sfGFP,D76N,1.430835
rfGFP,Y145F,0.837534
avGFP,D190N,1.688219
egGFP,E172V,1.829435
avGFP,D76G,1.045866
avGFP,N185D,1.829277
avGFP,F64L,3.312944
avGFP,E172V,1.897715
egGFP,S72A,1.47932
sfGFP,V163A,2.490847
sfGFP,K166Q,1.640615
egGFP,D76G,1.501867
egGFP,Y145H,0.357005
egGFP,L109V,1.139769
avGFP,Y66W,0.510629
avGFP,I171V,1.0769
egGFP,V163A,1.799835
avGFP,L236V,1.612199
avGFP,Y145H,1.479712
egGFP,R73H,1.31835
avGFP,G101A,1.844366
avGFP,D76G,1.020115
rfGFP,Y145F,0.560697
avGFP,V163A,1.701589
avGFP,N185D,1.782611
avGFP,E222G,3.337501
rfGFP,S65G,0.453619
egGFP,D190N,0.93654
avGFP,Y66H,1.551955
sfGFP,S175G,1.848167
avGFP,WT,1.001782
avGFP,T105I,0.616745
rfGFP,Q80R,1.778824
avGFP,S175G,0.94482
avGFP,Y66H,1.639243
avGFP,Y145F,0.976887
sfGFP,R96H,1.869032
avGFP,S72A,1.553752
avGFP,S205V,1.565693
avGFP,K79R,0.581373
avGFP,K79R,1.626843
avGFP,K206R,0.322261
avGFP,T105I,1.95842
avGFP,D180Y,1.004861
avGFP,N146D,0.613587
avGFP,S72A,0.41403
avGFP,Q80R,1.659629
avGFP,Q183R,1.362459
avGFP,H148D,1.26023
avGFP,F99S,1.513901
avGFP,F64L,2.462176
avGFP,K166Q,0.563908
avGFP,WT,1.005487
avGFP,Y66W,0.422
avGFP,N185D,0.565459
avGFP,S72A,0.346063
avGFP,S65T,2.843785
avGFP,Y66F,1.659857
sfGFP,S65T,2.613443
avGFP,Y66F,0.713393
avGFP,M153T,3.1137
avGFP,I167T,1.435745
avGFP,T105I,0.850783
avGFP,F99S,0.445365
sfGFP,Q80R,0.508721
avGFP,N149K,1.016422
rfGFP,F64L,2.749523
avGFP,T203Y,0.289846
avGFP,Q80R,1.712113
avGFP,D76N,1.23848
sfGFP,L221V,0.673168
egGFP,L109V,0.494204
avGFP,K166Q,1.820739
avGFP,Q183R,0.338198
egGFP,M153T,2.897692
avGFP,R96H,0.536905
avGFP,K206R,0.52487
avGFP,H148D,0.762922
sfGFP,T203Y,0.364831
avGFP,D190N,0.765894
avGFP,S205V,2.49493
avGFP,E222G,1.521992
avGFP,T105I,0.753047
avGFP,Y145H,1.320879
avGFP,S72A,1.724782
avGFP,T105I,1.18216
avGFP,F64L,2.976067
egGFP,R73H,0.416024
avGFP,T203Y,0.277836
avGFP,E172V,1.913822
rfGFP,L236V,0.529502
avGFP,N185D,1.217733
avGFP,N149K,0.387424
avGFP,T225S,1.359665
avGFP,F64L,1.650276
avGFP,S205V,2.909851
avGFP,S175G,0.718883
avGFP,S65T,1.504679
avGFP,K166Q,0.475259
avGFP,D76N,1.859433
rfGFP,S205V,2.392012
avGFP,L236V,1.92889
egGFP,N149K,1.671154
egGFP,Q80R,1.383294
avGFP,Y66F,1.132022
avGFP,V163A,1.603192
avGFP,Y145F,1.499478
rfGFP,S72A,1.244871
rfGFP,L109V,0.357708
avGFP,S72A,1.871474
egGFP,Q80R,1.56661
avGFP,E172V,1.188139
avGFP,E172V,1.313659
avGFP,F223S,1.117805
avGFP,S65T,2.17975
avGFP,Q80R,0.835994
egGFP,S65A,0.841879
avGFP,F99S,1.025589
avGFP,L231F,0.341481
rfGFP,D190N,0.300404
avGFP,V163A,3.378135
avGFP,F223S,0.316125
egGFP,H148D,0.983283
avGFP,L231F,1.785251
avGFP,L236V,0.455889
avGFP,E172V,1.544862
avGFP,S65T,2.094006
egGFP,S65A,1.301485
avGFP,D234N,1.979128
avGFP,Y66H,0.965771
avGFP,S65A,1.914934
avGFP,D76N,1.009887
avGFP,K238N,1.836331
avGFP,L221V,1.984987
rfGFP,Y66F,1.404399
avGFP,T225S,0.379807
avGFP,Y145F,1.927359
sfGFP,S65C,1.370622
sfGFP,Q80R,1.877179
avGFP,D190N,1.135017
avGFP,S205V,3.131666
avGFP,D76G,1.571382
avGFP,R96H,1.286147
avGFP,L221V,0.964989
avGFP,N146D,0.37544
sfGFP,L221V,1.676177
rfGFP,S175G,1.549862
avGFP,L221V,0.93357
avGFP,Y66F,0.382932
avGFP,F99S,0.674311
sfGFP,V163A,3.482951
sfGFP,S175G,1.177334
avGFP,S65T,2.856032
sfGFP,Y145H,1.547647
egGFP,K79R,1.419368
avGFP,N185D,0.57268
sfGFP,V163A,2.894943
avGFP,D190N,1.488284
sfGFP,S72A,1.934236
sfGFP,I171V,0.519079
avGFP,K206R,1.844792
sfGFP,F99S,1.714628
avGFP,H148D,0.628326
avGFP,V163A,3.462372
avGFP,S205V,2.253391
sfGFP,K79R,0.518363
egGFP,N149K,1.220153
sfGFP,Q183R,0.966657
rfGFP,V163A,1.705019
avGFP,S65A,1.610452
avGFP,S65A,1.503893
egGFP,L109V,1.105076
avGFP,L109V,0.377761
rfGFP,M153T,3.437756
avGFP,R73H,1.310473
avGFP,E222G,1.544247
avGFP,S65C,1.691936
avGFP,T203Y,0.322951
avGFP,K238N,1.905316
avGFP,F223S,0.57816
avGFP,H148D,0.675308
egGFP,F64L,1.960107
avGFP,T203Y,0.575432
avGFP,L231F,1.543159
avGFP,L236V,1.385494
egGFP,S65C,1.051908
avGFP,WT,0.990803
avGFP,D76G,0.662278
egGFP,R96H,1.256675
avGFP,L231F,1.945929
avGFP,K238N,0.45498
egGFP,Y66F,1.736131
avGFP,S72A,0.523116
rfGFP,K79R,1.348306
avGFP,K238N,0.302094
avGFP,S72A,1.465461
avGFP,R73H,0.683418
avGFP,L109V,0.757289
avGFP,K79R,1.973397
avGFP,S205V,1.644894
avGFP,F99S,1.320035
avGFP,Q183R,1.587001
rfGFP,D76G,1.531285
avGFP,K79R,0.474747
avGFP,K238N,1.14811
avGFP,L109V,0.888228
avGFP,S175G,0.854984
avGFP,F64L,3.265067
avGFP,K166Q,0.433583
avGFP,L109V,1.961693
avGFP,Y145F,1.660997
avGFP,L221V,1.439655
avGFP,S175G,1.501009
avGFP,S65C,1.348228
avGFP,I171V,1.505403
rfGFP,Y66F,1.363018
avGFP,G101A,1.685203
avGFP,S72A,1.240102
sfGFP,S65C,1.068941
avGFP,S65T,1.827999
avGFP,M153T,1.620704
avGFP,Q80R,1.114774
rfGFP,N149K,0.872723
sfGFP,Y66F,1.037214
avGFP,Q183R,1.244118
avGFP,F99S,0.864935
