mutation_str,ddG_kcal_mol
L137M:I161L,1.7504
R73K:I136V,2.1754
L137M:Y200F,0.0707
R73K:I161L,2.5812
F83Y:L137M,2.0097
L137M:Y182F,-0.1294
L18M:L137M,0.8711
R122K:I136V,2.8939
R73K:L137M,1.131
R73K:Y200F,0.8878
V112I:L137M,-0.6818
F100Y:L137M,1.4738
I128V:L137M,0.3677
R73K:F83Y,2.8791
V29I:L137M,0.2384
V68I:I136V,2.3465
E115D:I136V,3.1747
I136V:I152V,2.298
V206K:L221K:F223R,0.9963
R73K:Y182F,0.6923
L18M:R73K,1.5185
E111D:L137M,1.1161
D19E:L137M,-0.0155
R122K:I161L,3.2766
R73K:V112I,0.1353
L137M:L195M,0.777
V120I:L137M,0.1407
R73K:F100Y,2.1566
R73K:I128V,1.2175
L137M:L207I,3.1336
L137M:E213D,2.5561
V29I:R73K,1.0418
L137M:V150I,-0.4502
Y92F:L137M,0.0478
V68I:I161L,2.3584
L137M:L201I,0.5007
E115D:I161L,2.8405
I152V:I161L,2.7713
D76E:L137M,-0.6043
R73K:E111D,1.9165
R122K:L137M,1.8495
I123V:L137M,2.2302
L137M:K156R,0.0492
F100Y:E115D,3.1559
R122K:Y200F,1.6064
D19E:R73K,0.7873
F114Y:L137M,0.0647
L119I:L137M,2.855
L44I:L137M,1.0906
F84Y:L137M,0.4632
F83Y:R122K,3.8072
R73K:L195M,1.6557
Y74F:L137M,0.8371
R73K:V120I,0.6633
R73K:L207I,4.0571
M88L:L137M,1.0241
R73K:E213D,2.3919
D102E:L137M,0.0553
V22I:L137M,0.11
Y106F:L137M,0.3657
M78L:L137M,0.0568
F27Y:L137M,1.0925
R73K:V150I,0.1756
V93I:L137M,-0.7594
V55I:L137M,0.0558
V68I:L137M,1.3031
E6Q:L137M,0.3272
R122K:Y182F,1.4109
L18M:R122K,0.4173
V68I:Y200F,1.059
V16I:L137M,-0.2053
L137M:I188L,-0.2972
E115D:L137M,2.1303
W57Y:L137M,5.8757
E115D:Y200F,1.8871
I152V:Y200F,0.9608
R73K:Y92F,0.8649
R73K:L201I,1.2823
H148D:L221K:F223R,3.9071
R73K:D76E,0.1864
V68I:F83Y,2.1414
F83Y:E115D,3.7569
F83Y:I152V,2.8486
R73K:I123V,3.0429
R73K:K156R,0.8716
V112I:R122K,1.2443
F100Y:R122K,2.8751
R73K:F114Y,0.8819
R122K:I128V,1.936
R73K:L119I,3.6475
L44I:R73K,1.893
R73K:F84Y,1.2762
V29I:R122K,1.7604
V68I:Y182F,0.8635
L18M:V68I,0.9736
E115D:Y182F,1.6916
L18M:E115D,2.5154
I152V:Y182F,0.8057
L18M:I152V,1.6232
R73K:M88L,1.8419
R73K:D102E,0.9501
V22I:R73K,1.2779
R73K:Y106F,1.0966
R73K:M78L,1.3974
F27Y:R73K,1.9089
R73K:V93I,0.0435
V55I:R73K,1.0876
V68I:R73K,2.105
E6Q:R73K,1.459
E111D:R122K,3.268
V16I:R73K,0.6188
V68I:V112I,-0.1932
R73K:I188L,0.5196
W57Y:R73K,6.7795
R73K:I152V,2.0741
V112I:E115D,1.4917
V112I:I152V,0.205
V68I:F100Y,2.3277
V68I:I128V,1.3886
D19E:R122K,1.5687
F100Y:I152V,2.2638
E115D:I128V,2.2034
I128V:I152V,1.3522
V29I:V68I,0.561
V29I:E115D,1.3623
V29I:I152V,1.1491
R122K:L195M,2.3742
V120I:R122K,1.7168
R122K:L207I,4.8095
R122K:E213D,3.3952
R122K:V150I,0.9088
V68I:E111D,1.3635
E111D:E115D,2.884
E111D:I152V,1.9506
D19E:V68I,0.3404
Y92F:R122K,1.5835
D19E:E115D,1.2727
D19E:I152V,0.8946
R122K:L201I,2.0152
D76E:R122K,0.9443
V68I:L195M,1.8244
L221K:F223R,1.2125
R122K:K156R,1.5902
E115D:L195M,2.655
I152V:L195M,1.5259
V68I:V120I,1.6098
E115D:V120I,0.7072
V120I:I152V,1.0508
V68I:L207I,3.6601
F114Y:R122K,1.9823
E115D:L207I,5.0903
I152V:L207I,4.0572
V68I:E213D,2.9468
L119I:R122K,4.6855
E115D:E213D,3.7614
L44I:R122K,3.3483
I152V:E213D,3.4662
F84Y:R122K,2.0041
V68I:V150I,0.2275
E115D:V150I,1.6122
V150I:I152V,0.4042
Y74F:R122K,1.4732
V68I:Y92F,1.4269
Y92F:E115D,1.1845
Y92F:I152V,0.9597
V68I:L201I,0.4405
M88L:R122K,2.9573
D102E:R122K,1.6686
V68I:D76E,0.3969
V22I:R122K,0.7473
E115D:L201I,2.2959
I152V:L201I,1.2529
Y106F:R122K,0.4573
M78L:R122K,1.7111
F27Y:R122K,2.6275
D76E:E115D,1.2251
D76E:I152V,0.4901
V93I:R122K,1.1542
V55I:R122K,1.8061
V68I:R122K,2.5215
V68I:I123V,2.562
V68I:K156R,1.0428
E6Q:R122K,1.992
V16I:R122K,2.0859
R122K:I188L,1.8688
W57Y:R122K,7.6826
R122K:I152V,2.7596
E115D:I123V,3.4181
E115D:K156R,1.8709
I123V:I152V,3.1129
I152V:K156R,0.9736
V68I:F114Y,0.2716
F114Y:I152V,0.9891
V68I:L119I,1.6507
L44I:V68I,1.3945
V68I:F84Y,0.745
E115D:L119I,4.6932
L44I:E115D,1.9686
L119I:I152V,3.7534
L44I:I152V,1.9708
F84Y:E115D,2.2525
F84Y:I152V,1.1945
V68I:Y74F,1.0733
Y74F:E115D,1.7406
Y74F:I152V,1.7464
F100S:L221K:F223R,7.0235
V68I:M88L,1.0902
V68I:D102E,1.1212
V22I:V68I,0.576
M88L:E115D,1.9984
V68I:Y106F,0.7043
M88L:I152V,1.915
V68I:M78L,0.7308
F27Y:V68I,2.0796
D102E:E115D,1.9359
D102E:I152V,1.0571
V22I:E115D,2.4464
V22I:I152V,1.2013
Y106F:E115D,1.5454
M78L:E115D,1.9919
Y106F:I152V,1.2038
M78L:I152V,1.5129
F27Y:E115D,2.9082
F27Y:I152V,2.0154
V68I:V93I,0.1934
V55I:V68I,0.5568
V93I:E115D,0.4556
V93I:I152V,0.1556
E6Q:V68I,1.6954
V16I:V68I,0.1738
V68I:I188L,0.0041
V55I:E115D,2.0869
V68I:E115D,1.5864
V55I:I152V,1.2109
W57Y:V68I,6.697
V68I:I152V,1.8265
F100S:H148D,9.3019
E6Q:E115D,2.1598
E6Q:I152V,1.2516
V16I:E115D,1.6452
V16I:I152V,0.6761
E115D:I188L,0.8596
I152V:I188L,0.6676
W57Y:E115D,7.8501
E115D:I152V,3.0404
W57Y:I152V,6.8037
H148D:V206K:L221K:F223R,3.7455
T38D:T43E:L44I:V206K:L221K:F223R,3.3672
L137M:I152V,1.2212
F100S:V206K:L221K:F223R,6.8301
V11I:I14V:V16I:N23H:V206K:L221K:F223R,1.9612
V93I:K101Q:T105K:A110G:V206K:L221K:F223R,-0.381
R73K:R122K,0.6583
V93I:K101Q:T105K:A110G:L221K:F223R,0.1293
R73K:E115D,2.9134
V93I:K101Q:T105K:A110G:H148D,3.0575
T38D:T43E:L44I:L221K:F223R,3.294
I136V,1.1883
E115D:R122K,2.1707
T38D:T43E:L44I:H148D,4.4586
V11I:I14V:V16I:N23H:L221K:F223R,2.479
T38D:T43E:L44I,1.0942
V68I:Q69L:S72A:D76E:R80M:H81N:H148D,0.5592
V11I:I14V:V16I:N23H:H148D,4.2144
V68I:Q69L:S72A:D76E:R80M:H81N,-2.4645
I161L,1.6003
T38D:T43E:L44I:V93I:K101Q:T105K:A110G,0.9885
V68I:Q69L:S72A:D76E:R80M:H81N:F100S,2.7809
V93I:F100S:K101Q:T105K:A110G,5.7355
V93I:K101Q:T105K:A110G,-0.2372
L137M,0.1498
Y200F,-0.0791
F83Y,1.8599
H148D,3.4377
Y182F,-0.2792
L18M,0.549
R73K,0.9669
V112I,-0.8316
F100Y,1.1896
I128V,0.2506
V29I,0.0749
E111D,0.9496
D19E,-0.1796
F100S,5.8148
L195M,0.6476
V120I,-0.0234
L207I,2.9489
E213D,2.392
V150I,-0.608
Y92F,-0.102
L201I,0.3297
D76E,-0.7541
I161V,0.7621
R122K,1.6854
I123V,2.076
K156R,-0.1005
L18I,1.5381
F114Y,-0.085
L119I,2.6944
L44I,0.9399
F84Y,0.3134
Y74F,0.6811
M88L,0.875
D102E,-0.0171
V22I,0.139
Y106F,0.1297
M78L,-0.0517
F27Y,0.9412
L44M,-0.0348
V93I,-0.9235
V55I,0.1207
V68I,1.138
E6Q,0.1775
I188L,-0.4473
E115D,1.9662
W57Y,5.7295
I152V,1.0742
K113R,-1.5329
L53M,0.7758
L220I,0.0393
V12I,-0.5023
T38D:T43E:L44I:F100S,6.8965
V11I:I14V:V16I:N23H:T38D:T43E:L44I,2.4018
I128L,-0.0837
F130Y,2.6952
L53I,2.0766
L195I,1.7361
I136L,0.8801
H169Y,-1.7745
Y151F,0.1636
E115Q,1.415
F165Y,1.8234
F46Y,1.1623
F8Y,0.9233
E90D,0.5826
V61I,0.7144
D190E,0.3229
Y74H,3.7456
I188V,0.7382
V224I,-0.8429
K41R,-0.4129
